59,520,12,9,21,2,5,9,3,2,0,5,9,10,9,9,3,2,0,5
59,520,12,9,21,2,5,9,3,2,4,2,4,2,4,2,4,2,4,2
59,520,12,9,21,2,5,9,3,2,0,5,9,10,9,3,2,0,5,9
59,520,12,9,21,2,5,9,3,2,0,5,9,10,9,9,3,2,0,5
59,520,12,9,21,2,5,9,3,2,4,2,4,2,4,2,4,2,4,2
59,520,12,9,21,2,5,9,3,2,4,2,4,2,4,2,4,2,4,2
59,520,12,9,21,2,5,9,3,2,4,2,4,2,4,2,4,2,4,2
59,520,12,9,21,2,5,9,3,2,0,5,9,10,9,9,3,2,0,5
59,520,12,9,21,2,5,9,3,2,4,2,4,2,4,2,4,2,4,2
59,520,12,9,21,2,5,9,3,2,4,2,4,2,4,2,4,2,4,2
59,520,12,9,21,2,5,9,3,2,0,5,9,10,9,9,3,2,0,5
59,520,12,9,21,2,5,9,3,2,0,5,9,10,9,9,3,2,0,5
59,520,12,9,21,2,5,9,3,2,0,5,9,10,9,9,3,2,0,5
59,520,12,9,21,2,5,9,3,2,0,5,9,10,9,3,2,0,5,9
59,520,12,9,21,2,5,9,3,2,0,5,9,10,9,9,3,2,0,5
59,520,12,9,21,2,5,9,3,2,4,2,4,2,4,2,4,2,4,2
59,520,12,9,21,2,5,9,3,2,4,2,4,2,4,2,4,2,4,2
59,520,12,9,21,2,5,9,3,2,0,5,9,10,9,9,3,2,0,5
59,520,12,9,21,2,5,9,3,2,4,2,4,2,4,2,4,2,4,2
59,520,12,9,21,2,5,9,3,2,4,2,4,2,4,2,4,2,4,2
59,520,12,9,21,2,5,9,3,2,4,2,4,2,4,2,4,2,4,2
59,520,12,9,21,2,5,9,3,2,4,2,4,2,4,2,4,2,4,2
59,520,12,9,21,2,5,9,3,2,0,5,9,10,9,9,3,2,0,5
59,520,12,9,21,2,5,9,3,2,0,5,9,10,9,9,3,2,0,5
59,520,12,9,21,2,5,9,3,2,0,5,9,10,9,9,3,2,0,5
59,520,12,9,21,2,5,9,3,2,0,5,9,10,9,3,2,0,5,9
59,520,12,9,21,2,5,9,3,2,4,2,4,2,4,2,4,2,4,2
59,520,12,9,21,2,5,9,3,2,4,2,4,2,4,2,4,2,4,2
59,520,12,9,21,2,5,9,3,2,4,2,4,2,4,2,4,2,4,2
59,520,12,9,21,2,5,9,3,2,4,2,4,2,4,2,4,2,4,2
59,520,12,9,21,2,5,9,3,2,4,2,4,2,4,2,4,2,4,2
59,520,12,9,21,2,4,2,4,2,4,2,0,5,9,10,9,3,2,0
59,520,12,9,21,2,5,9,3,2,0,5,9,10,9,3,2,0,5,9
59,520,12,9,21,2,5,9,3,2,0,5,9,10,9,3,2,0,5,9
59,520,12,9,21,2,5,9,3,2,0,5,9,10,9,9,3,9,9,158
59,520,12,9,21,2,5,9,3,2,4,2,4,2,4,2,4,2,4,2
59,520,12,9,21,2,5,9,3,2,0,5,9,10,9,9,3,2,0,5
59,520,12,9,21,2,5,9,3,2,0,5,9,10,9,9,3,9,9,158
59,520,12,9,21,2,5,9,3,2,0,5,9,10,9,3,2,0,5,9
59,520,12,9,21,2,5,9,3,2,0,5,9,10,9,9,3,9,9,158
59,520,12,9,21,2,5,9,3,2,0,5,9,10,9,9,3,2,0,5
59,520,12,9,21,2,5,9,3,2,0,5,9,10,9,3,2,0,5,9
59,520,12,9,21,2,4,2,4,2,4,2,0,5,9,10,9,3,2,0
59,520,12,9,21,2,5,9,3,2,0,5,9,10,9,9,3,9,9,158
59,520,12,9,21,2,5,9,3,2,0,5,9,10,9,3,2,0,5,9
59,520,12,9,21,2,5,9,3,2,0,5,9,10,9,3,2,0,5,9
59,520,12,9,21,2,5,9,3,2,4,2,4,2,4,2,4,2,4,2
59,520,12,9,21,2,5,9,3,2,0,5,9,10,9,3,2,0,5,9
59,520,12,9,89,21,2,4,2,4,2,4,2,4,2,5,9,3,2,4
59,520,12,9,21,2,5,9,3,2,4,2,4,2,4,2,4,2,4,2
59,520,12,9,21,2,5,9,3,2,0,5,9,10,9,9,3,2,0,5
59,520,12,9,21,2,5,9,3,2,0,5,9,10,9,9,3,2,0,5
59,520,12,9,21,2,5,9,3,2,0,5,9,10,9,9,3,2,0,5
59,520,12,9,21,2,5,9,3,2,0,5,9,10,9,3,2,0,5,9
59,520,12,9,21,2,5,9,3,2,0,5,9,10,9,9,3,2,0,5
59,520,12,9,21,2,5,9,3,2,0,5,9,10,9,3,2,0,5,9
59,520,12,9,21,2,5,9,3,2,0,5,9,10,9,3,2,0,5,9
59,520,12,9,21,2,5,9,3,2,0,5,9,10,9,3,2,0,5,9
59,520,12,9,21,2,5,9,3,2,0,5,9,10,9,3,2,0,5,9
59,520,12,9,21,2,5,9,3,2,0,5,9,10,9,9,3,2,0,5
59,520,12,9,21,2,5,9,3,2,0,5,9,10,9,9,3,2,0,5
59,520,12,9,21,2,5,9,3,2,0,5,9,10,9,9,3,2,0,5
59,520,12,9,21,2,5,9,3,2,0,5,9,10,9,3,2,0,5,9
59,520,12,9,21,2,5,9,3,2,0,5,9,10,9,3,2,0,5,9
59,520,12,9,21,2,5,9,3,2,0,5,9,10,9,9,3,2,0,5
59,520,12,9,21,2,5,9,3,2,0,5,9,10,9,3,2,0,5,9
59,520,12,9,21,2,5,9,3,2,0,5,9,10,9,9,3,2,0,5
59,520,12,9,21,2,5,9,3,2,0,5,9,10,9,3,2,0,5,9
59,520,12,9,21,2,5,9,3,2,0,5,9,10,9,3,2,0,5,9
59,520,12,9,21,2,5,9,3,2,0,5,9,10,9,9,3,9,9,158
59,520,12,9,21,2,5,9,3,2,0,5,9,10,9,9,3,9,9,158
59,520,12,9,21,2,5,9,3,2,0,5,9,10,9,3,2,0,5,9
59,520,12,9,21,2,5,9,3,2,0,5,9,10,9,3,2,0,5,9
59,520,12,9,21,2,5,9,3,2,0,5,9,10,9,9,3,2,0,5
59,520,12,9,21,2,4,2,4,2,4,2,4,2,5,9,3,2,4,2
59,520,12,9,21,2,5,9,3,2,0,5,9,10,9,3,2,0,5,9
59,520,12,9,21,2,5,9,3,2,0,5,9,10,9,9,3,9,9,158
59,520,12,9,21,2,5,9,3,2,0,5,9,10,9,3,2,0,5,9
59,520,12,9,21,2,5,9,3,2,0,5,9,10,9,9,3,9,9,158
59,520,12,9,21,2,5,9,3,2,0,5,9,10,9,3,2,0,5,9
59,520,12,9,21,2,5,9,3,2,0,5,9,10,9,9,3,9,9,158
59,520,12,9,21,2,5,9,3,2,0,5,9,10,9,9,3,2,0,5
59,520,12,9,21,2,5,9,3,2,0,5,9,10,9,9,3,2,0,5
59,520,12,9,21,2,5,9,3,2,0,5,9,10,9,9,3,9,9,158
59,520,12,9,21,2,5,9,3,2,0,5,9,10,9,3,2,0,5,9
59,520,12,9,21,2,5,9,3,2,0,5,9,10,9,3,2,0,5,9
59,520,12,9,21,2,5,9,3,2,0,5,9,10,9,9,3,9,9,158
59,520,12,9,21,2,5,9,3,2,0,5,9,10,9,9,3,9,9,158
59,520,12,9,21,2,5,9,3,2,0,5,9,10,9,9,3,2,0,5
59,520,12,9,21,2,5,9,3,2,0,5,9,10,9,3,2,0,5,9
59,520,12,9,21,2,5,9,3,2,0,5,9,10,9,9,3,2,0,5
59,520,12,9,21,2,5,9,3,2,4,2,4,2,4,2,4,2,4,2
59,520,12,9,21,2,5,9,3,2,0,5,9,10,9,9,3,2,0,5
59,520,12,9,89,21,2,4,2,4,2,4,2,4,2,5,9,3,2,0
59,520,12,9,89,21,2,4,2,4,2,4,2,4,2,5,9,3,2,4
59,520,12,9,89,21,2,4,2,4,2,4,2,4,2,5,9,3,2,4
59,520,12,9,21,2,5,9,3,2,0,5,9,10,9,3,2,0,5,9
59,520,12,9,21,2,5,9,3,2,0,5,9,10,9,3,2,0,5,9
59,520,12,9,21,2,5,9,3,2,0,5,9,10,9,3,2,0,5,9
59,520,12,9,21,2,5,9,3,2,0,5,9,10,9,3,2,0,5,9
59,520,12,9,21,2,5,9,3,2,0,5,9,10,9,3,2,0,5,9
59,520,12,9,21,2,5,9,3,2,0,5,9,10,9,3,2,0,5,9
59,520,12,9,21,2,5,9,3,2,0,5,9,10,9,3,2,0,5,9
59,520,12,9,21,2,5,9,3,2,0,5,9,10,9,3,2,0,5,9
59,520,12,9,21,2,5,9,3,2,0,5,9,10,9,3,2,0,5,9
59,520,12,9,21,2,5,9,3,2,0,5,9,10,9,3,2,0,5,9
59,520,63,12,12,158,12,12,257,2,5,0,1,1,1,231,,,,
59,520,12,9,21,2,5,9,3,2,0,5,9,10,9,3,2,0,5,9
59,520,12,9,21,2,5,9,3,2,0,5,9,10,9,3,2,0,5,9
59,520,12,9,21,2,5,9,3,2,0,5,9,10,9,9,3,9,9,158
59,520,12,9,21,2,5,9,3,2,0,5,9,10,9,3,2,0,5,9
59,520,12,9,21,2,5,9,3,2,0,5,9,10,9,3,2,0,5,9
59,520,12,9,21,2,5,9,3,2,0,5,9,10,9,3,2,0,5,9
59,520,12,9,21,2,5,9,3,2,0,5,9,10,9,3,2,0,5,9
59,520,12,9,21,2,5,9,3,2,0,5,9,10,9,3,2,0,5,9
59,520,12,9,21,2,5,9,3,2,0,5,9,10,9,3,2,0,5,9
59,520,12,9,21,2,5,9,3,2,0,5,9,10,9,9,3,9,9,158
59,520,12,9,21,2,5,9,3,2,0,5,9,10,9,3,2,0,5,9
59,520,12,9,21,2,5,9,3,2,0,5,9,10,9,3,2,0,5,9
59,520,12,9,21,2,5,9,3,2,0,5,9,10,9,3,2,0,5,9
59,520,12,9,21,2,5,9,3,2,4,2,4,2,4,2,4,2,4,2
59,520,12,9,21,2,5,9,3,2,0,5,9,10,9,3,2,0,5,9
59,520,12,9,21,2,5,9,3,2,0,5,9,10,9,3,2,0,5,9
59,520,12,9,21,2,5,9,3,2,0,5,9,10,9,3,2,0,5,9
59,520,12,9,21,2,5,9,3,2,0,5,9,10,9,3,2,0,5,9
59,520,12,9,21,2,5,9,3,2,0,5,9,10,9,3,2,0,5,9
59,520,12,9,21,2,5,9,3,2,0,5,9,10,9,3,2,0,5,9
59,520,12,9,21,2,5,9,3,2,0,5,9,10,9,3,2,0,5,9
59,520,12,9,21,2,5,9,3,2,0,5,9,10,9,3,2,0,5,9
59,520,12,9,21,2,5,9,3,2,0,5,9,10,9,3,2,0,5,9
59,520,12,9,21,2,5,9,3,2,0,5,9,10,9,3,2,0,5,9
59,520,12,9,21,2,5,9,3,2,0,5,9,10,9,3,2,0,5,9
59,520,12,9,21,2,5,9,3,2,4,2,4,2,4,2,4,2,4,2
59,520,12,9,21,2,5,9,3,2,0,5,9,10,9,3,2,0,5,9
59,520,12,9,21,2,5,9,3,2,0,5,9,10,9,3,2,0,5,9
59,520,12,9,89,21,2,4,2,4,2,4,2,4,2,5,9,3,2,4
59,520,12,9,21,2,5,9,3,2,0,5,9,10,9,3,2,0,5,9
59,520,12,9,21,2,5,9,3,2,0,5,9,10,9,3,2,0,5,9
59,520,12,9,21,2,5,9,3,2,0,5,9,10,9,3,2,0,5,9
59,520,12,9,21,2,4,2,4,2,4,2,0,5,9,10,9,3,2,0
59,520,12,9,21,2,5,9,3,2,0,5,9,10,9,9,3,9,9,158
59,520,12,9,21,2,5,9,3,2,0,5,9,10,9,3,2,0,5,9
59,520,12,9,21,2,5,9,3,2,0,5,9,10,9,9,3,9,9,158
59,520,12,9,21,2,5,9,3,2,0,5,9,10,9,3,2,0,5,9
59,520,12,9,21,2,5,9,3,2,0,5,9,10,9,3,2,0,5,9
59,520,12,9,21,2,5,9,3,2,4,2,4,2,4,2,4,2,4,2
59,520,12,9,21,2,5,9,3,2,4,2,4,2,4,2,4,2,4,2
59,520,12,9,21,2,5,9,3,2,0,5,9,10,9,9,3,9,9,158
59,520,12,9,21,2,5,9,3,2,4,2,4,2,4,2,4,2,4,2
59,520,12,9,21,2,5,9,3,2,0,5,9,10,9,3,2,0,5,9
59,520,12,9,21,2,5,9,3,2,0,5,9,10,9,9,3,2,0,5
59,520,12,9,21,2,5,9,3,2,0,5,9,10,9,9,3,9,9,158
59,520,12,9,21,2,5,9,3,2,0,5,9,10,9,3,2,0,5,9
59,520,12,9,21,2,5,9,3,2,0,5,9,10,9,9,3,2,0,5
59,520,12,9,21,2,5,9,3,2,0,5,9,10,9,9,3,2,0,5
59,520,12,9,21,2,5,9,3,2,0,5,9,10,9,3,2,0,5,9
59,520,12,9,21,2,5,9,3,2,0,5,9,10,9,9,3,2,0,5
59,520,12,9,21,2,5,9,3,2,0,5,9,10,9,9,3,2,0,5
59,520,12,9,21,2,5,9,3,2,0,5,9,10,9,9,3,9,9,158
59,520,12,9,21,2,5,9,3,2,0,5,9,10,9,9,3,9,9,158
59,520,12,9,21,2,5,9,3,2,0,5,9,10,9,9,3,9,9,158
59,520,12,9,21,2,5,9,3,2,0,5,9,10,9,3,2,0,5,9
59,520,12,9,21,2,5,9,3,2,0,5,9,10,9,9,3,9,9,158
59,520,12,9,21,2,5,9,3,2,0,5,9,10,9,9,3,2,0,5
59,520,12,9,21,2,5,9,3,2,0,5,9,10,9,9,3,9,9,158
59,520,12,9,21,2,5,9,3,2,0,5,9,10,9,9,3,9,9,158
59,520,12,9,21,2,5,9,3,2,0,5,9,10,9,9,3,9,9,158
59,520,12,9,21,2,5,9,3,2,0,5,9,10,9,9,3,2,0,5
59,520,12,9,21,2,5,9,3,2,0,5,9,10,9,3,2,0,5,9
59,520,12,9,21,2,5,9,3,2,0,5,9,10,9,3,2,0,5,9
59,520,12,9,21,2,5,9,3,2,0,5,9,10,9,9,3,9,9,158
59,520,12,9,21,2,5,9,3,2,0,5,9,10,9,9,3,9,9,158
59,520,12,9,21,2,5,9,3,2,0,5,9,10,9,3,2,0,5,9
59,520,12,9,21,2,5,9,3,2,0,5,9,10,9,9,3,9,9,158
59,520,12,9,21,2,5,9,3,2,0,5,9,10,9,3,2,0,5,9
59,520,12,9,89,21,2,4,2,4,2,4,2,4,2,5,9,3,2,4
59,520,12,9,21,2,5,9,3,2,0,5,9,10,9,9,3,9,9,158
59,520,12,9,21,2,5,9,3,2,0,5,9,10,9,3,2,0,5,9
59,520,12,9,21,2,5,9,3,2,0,5,9,10,9,3,2,0,5,9
59,520,12,9,21,2,5,9,3,2,0,5,9,10,9,9,3,2,0,5
59,520,12,9,21,2,5,9,3,2,0,5,9,10,9,9,3,9,9,158
59,520,12,9,21,2,5,9,3,2,0,5,9,10,9,3,2,0,5,9
59,520,12,9,21,2,5,9,3,2,0,5,9,10,9,9,3,9,9,158
59,520,12,9,21,2,5,9,3,2,0,5,9,10,9,9,3,9,9,158
59,520,12,9,21,2,5,9,3,2,0,5,9,10,9,9,3,9,9,158
59,520,12,9,21,2,5,9,3,2,0,5,9,10,9,9,3,9,9,158
59,520,12,9,21,2,5,9,3,2,0,5,9,10,9,9,3,9,9,158
59,520,12,9,21,2,5,9,3,2,0,5,9,10,9,3,2,0,5,9
59,520,12,9,21,2,5,9,3,2,0,5,9,10,9,9,3,9,9,158
59,520,12,9,21,2,5,9,3,2,0,5,9,10,9,3,2,0,5,9
59,520,12,9,21,2,5,9,3,2,0,5,9,10,9,9,3,9,9,158
59,520,12,9,21,2,5,9,3,2,0,5,9,10,9,3,2,0,5,9
59,520,12,9,21,2,5,9,3,2,0,5,9,10,9,9,3,9,9,158
59,520,12,9,21,2,5,9,3,2,0,5,9,10,9,9,3,2,0,5
59,520,12,9,21,2,5,9,3,2,0,5,9,10,9,3,2,0,5,9
59,520,12,9,21,2,5,9,3,2,0,5,9,10,9,9,3,9,9,158
59,520,12,9,21,2,5,9,3,2,0,5,9,10,9,3,2,0,5,9
59,520,12,9,21,2,5,9,3,2,0,5,9,10,9,3,2,0,5,9
59,520,12,9,21,2,5,9,3,2,0,5,9,10,9,9,3,2,0,5
59,520,12,9,21,2,5,9,3,2,0,5,9,10,9,3,2,0,5,9
59,520,12,9,21,2,5,9,3,2,0,5,9,10,9,3,2,0,5,9
59,520,12,9,21,2,5,9,3,2,0,5,9,10,9,3,2,0,5,9
59,520,12,9,21,2,5,9,3,2,0,5,9,10,9,3,2,0,5,9
59,520,12,9,21,2,5,9,3,2,0,5,9,10,9,3,2,0,5,9
59,520,12,9,21,2,5,9,3,2,0,5,9,10,9,3,2,0,5,9
59,520,12,9,21,2,5,9,3,2,0,5,9,10,9,3,2,0,5,9
59,520,12,9,21,2,5,9,3,2,0,5,9,10,9,9,3,2,0,5
59,520,12,9,21,2,5,9,3,2,0,5,9,10,9,9,3,2,0,5
59,520,12,9,21,2,5,9,3,2,4,2,4,2,4,2,4,2,4,2
59,520,12,9,21,2,5,9,3,2,0,5,9,10,9,3,2,0,5,9
59,520,12,9,21,2,5,9,3,2,0,5,9,10,9,3,2,0,5,9
59,520,12,9,21,2,5,9,3,2,0,5,9,10,9,9,3,9,9,158
59,520,12,9,21,2,5,9,3,2,0,5,9,10,9,9,3,9,9,158
59,520,12,9,21,2,5,9,3,2,0,5,9,10,9,9,3,9,9,158
59,520,12,9,21,2,5,9,3,2,0,5,9,10,9,9,3,2,0,5
59,520,12,9,21,2,5,9,3,2,0,5,9,10,9,3,2,0,5,9
59,520,12,9,21,2,5,9,3,2,0,5,9,10,9,9,3,2,0,5
59,520,12,9,89,21,2,4,2,4,2,4,2,4,2,5,9,3,2,4
59,520,12,9,21,2,5,9,3,2,0,5,9,10,9,9,3,9,9,158
59,520,12,9,21,2,4,2,4,2,4,2,0,5,9,10,9,3,2,2
59,520,12,9,21,2,5,9,3,2,4,2,4,2,4,2,4,2,4,2
59,520,12,9,21,2,5,9,3,2,0,5,9,10,9,9,3,9,9,158
59,520,12,9,21,2,4,2,4,2,4,2,4,2,5,9,3,2,4,2
59,520,12,9,21,2,4,2,4,2,4,2,4,2,5,9,3,2,4,2
59,520,12,9,21,2,4,2,4,2,4,2,4,2,5,9,3,2,4,2
59,520,12,9,21,2,4,2,4,2,4,2,4,2,5,9,3,2,4,2
59,520,12,9,21,2,4,2,4,2,4,2,4,2,5,9,3,2,4,2
59,520,12,9,21,2,4,2,4,2,4,2,4,2,5,9,3,2,4,2
59,520,12,9,21,2,4,2,4,2,4,2,4,2,5,9,3,2,4,2
59,520,12,9,21,2,4,2,4,2,4,2,4,2,5,9,3,2,4,2
59,520,12,9,21,2,4,2,4,2,4,2,4,2,5,9,3,2,4,2
59,520,12,9,21,2,4,2,4,2,4,2,4,2,5,9,3,2,4,2
59,520,12,9,21,2,4,2,4,2,4,2,4,2,5,9,3,2,4,2
59,520,12,9,21,2,4,2,4,2,4,2,4,2,5,9,3,2,4,2
59,520,12,9,21,2,4,2,4,2,4,2,0,5,9,10,9,3,2,2
59,520,12,9,21,2,5,9,3,2,0,5,9,10,9,9,3,9,9,158
59,520,12,9,21,2,5,9,3,2,0,5,9,10,9,9,3,2,0,5
59,520,12,9,21,2,5,9,3,2,0,5,9,10,9,9,3,2,0,5
59,520,12,9,21,2,5,9,3,2,0,5,9,10,9,9,3,2,0,5
59,520,12,9,21,2,5,9,3,2,0,5,9,10,9,9,3,2,0,5
59,520,12,9,21,2,5,9,3,2,0,5,9,10,9,9,3,2,0,5
59,520,12,9,21,2,5,9,3,2,0,5,9,10,9,9,3,2,0,5
59,520,12,9,21,2,5,9,3,2,0,5,9,10,9,9,3,2,0,5
59,520,12,9,21,2,5,9,3,2,0,5,9,10,9,3,2,0,5,9
59,520,12,9,21,2,5,9,3,2,0,5,9,10,9,3,2,0,5,9
59,520,12,9,21,2,5,9,3,2,0,5,9,10,9,3,2,0,5,9
59,520,12,9,21,2,5,9,3,2,0,5,9,10,9,9,3,9,9,158
59,520,12,9,21,2,5,9,3,2,0,5,9,10,9,3,2,0,5,9
59,520,12,9,21,2,5,9,3,2,0,5,9,10,9,3,2,0,5,9
59,520,12,9,21,2,5,9,3,2,0,5,9,10,9,3,2,0,5,9
59,520,12,9,21,2,5,9,3,2,0,5,9,10,9,3,2,0,5,9
59,520,12,9,21,2,5,9,3,2,0,5,9,10,9,3,2,0,5,9
59,520,12,9,21,2,5,9,3,2,0,5,9,10,9,3,2,0,5,9
59,520,12,9,21,2,5,9,3,2,0,5,9,10,9,3,2,0,5,9
59,520,12,9,21,2,5,9,3,2,0,5,9,10,9,3,2,0,5,9
59,520,12,9,21,2,5,9,3,2,0,5,9,10,9,3,2,0,5,9
59,520,12,9,21,2,5,9,3,2,0,5,9,10,9,3,2,0,5,9
59,520,12,9,21,2,5,9,3,2,0,5,9,10,9,3,2,0,5,9
59,520,12,9,21,2,5,9,3,2,4,2,4,2,4,2,4,2,4,2
59,520,12,9,21,2,5,9,3,2,0,5,9,10,9,9,3,9,9,158
59,520,12,9,21,2,5,9,3,2,0,5,9,10,9,9,3,9,9,158
59,520,12,9,21,2,5,9,3,2,0,5,9,10,9,3,2,0,5,9
59,520,12,9,21,2,5,9,3,2,0,5,9,10,9,9,3,9,9,158
59,520,12,9,21,2,5,9,3,2,0,5,9,10,9,3,2,0,5,9
59,520,12,9,21,2,5,9,3,2,0,5,9,10,9,9,3,2,0,5
59,520,12,9,21,2,5,9,3,2,0,5,9,10,9,3,2,0,5,9
59,520,12,9,21,2,5,9,3,2,0,5,9,10,9,9,3,9,9,158
59,520,12,9,21,2,5,9,3,2,0,5,9,10,9,3,2,0,5,9
59,520,12,9,89,21,2,4,2,4,2,4,2,4,2,5,9,3,2,4
59,520,12,9,89,21,2,4,2,4,2,4,2,4,2,5,9,3,2,4
59,520,12,9,21,2,5,9,3,2,0,5,9,10,9,9,3,2,0,5
59,520,12,9,21,2,5,9,3,2,0,5,9,10,9,9,3,2,0,5
59,520,12,9,21,2,5,9,3,2,0,5,9,10,9,9,3,2,0,5
59,520,12,9,21,2,5,9,3,2,0,5,9,10,9,3,2,0,5,9
59,520,12,9,21,2,5,9,3,2,0,5,9,10,9,9,3,9,9,158
59,520,12,9,21,2,5,9,3,2,0,5,9,10,9,3,2,0,5,9
59,520,12,9,21,2,5,9,3,2,0,5,9,10,9,3,2,0,5,9
59,520,12,9,21,2,5,9,3,2,0,5,9,10,9,9,3,2,0,5
59,520,12,9,21,2,5,9,3,2,0,5,9,10,9,9,3,9,9,158
59,520,12,9,21,2,5,9,3,2,0,5,9,10,9,9,3,9,9,158
59,520,12,9,21,2,5,9,3,2,0,5,9,10,9,9,3,9,9,158
59,520,12,9,21,2,5,9,3,2,0,5,9,10,9,9,3,9,9,158
59,520,12,9,21,2,5,9,3,2,0,5,9,10,9,9,3,9,9,158
59,520,12,9,21,2,5,9,3,2,0,5,9,10,9,9,3,2,0,5
59,520,12,9,89,21,2,4,2,4,2,4,2,4,2,5,9,3,2,4
59,520,12,9,89,21,2,4,2,4,2,4,2,4,2,5,9,3,2,0
59,520,12,9,21,2,5,9,3,2,0,5,9,10,9,9,3,9,9,158
59,520,12,9,21,2,5,9,3,2,0,5,9,10,9,3,2,0,5,9
59,520,12,9,21,2,5,9,3,2,0,5,9,10,9,3,2,0,5,9
59,520,12,9,21,2,5,9,3,2,0,5,9,10,9,9,3,9,9,158
59,520,12,9,21,2,5,9,3,2,0,5,9,10,9,9,3,2,0,5
59,520,12,9,21,2,5,9,3,2,0,5,9,10,9,9,3,2,0,5
59,520,12,9,21,2,5,9,3,2,0,5,9,10,9,9,3,2,0,5
59,520,12,9,21,2,5,9,3,2,0,5,9,10,9,9,3,2,0,5
59,520,12,9,21,2,5,9,3,2,0,5,9,10,9,3,2,0,5,9
59,520,12,9,21,2,5,9,3,2,0,5,9,10,9,3,2,0,5,9
59,520,12,9,21,2,5,9,3,2,0,5,9,10,9,9,3,2,0,5
59,520,12,9,21,2,5,9,3,2,0,5,9,10,9,3,2,0,5,9
59,520,12,9,21,2,5,9,3,2,0,5,9,10,9,3,2,0,5,9
59,520,12,9,21,2,5,9,3,2,0,5,9,10,9,9,3,2,0,5
59,520,12,9,21,2,5,9,3,2,0,5,9,10,9,9,3,2,0,5
59,520,12,9,21,2,5,9,3,2,0,5,9,10,9,3,2,0,5,9
59,520,12,9,21,2,5,9,3,2,0,5,9,10,9,3,2,0,5,9
59,520,12,9,21,2,5,9,3,2,0,5,9,10,9,9,3,9,9,158
59,520,12,9,21,2,5,9,3,2,0,5,9,10,9,9,3,9,9,158
59,520,12,9,21,2,5,9,3,2,0,5,9,10,9,3,2,0,5,9
59,520,12,9,21,2,5,9,3,2,0,5,9,10,9,3,2,0,5,9
59,520,12,9,21,2,5,9,3,2,0,5,9,10,9,3,2,0,5,9
59,520,12,9,21,2,5,9,3,2,0,5,9,10,9,3,2,0,5,9
59,520,12,9,21,2,5,9,3,2,0,5,9,10,9,3,2,0,5,9
59,520,12,9,21,2,5,9,3,2,0,5,9,10,9,3,2,0,5,9
59,520,12,9,21,2,5,9,3,2,0,5,9,10,9,3,2,0,5,9
59,520,12,9,21,2,5,9,3,2,0,5,9,10,9,3,2,0,5,9
59,520,12,9,21,2,5,9,3,2,0,5,9,10,9,3,2,0,5,9
59,520,12,9,21,2,5,9,3,2,0,5,9,10,9,9,3,2,0,5
59,520,12,9,21,2,4,2,4,2,4,2,4,2,5,9,3,2,0,5
59,520,12,9,21,2,5,9,3,2,0,5,9,10,9,3,2,0,5,9
59,520,12,9,21,2,4,2,4,2,4,2,4,2,5,9,3,2,0,5
59,520,12,9,21,2,5,9,3,2,0,5,9,10,9,9,3,9,9,158
59,520,12,9,21,2,5,9,3,2,0,5,9,10,9,3,2,0,5,9
59,520,12,9,21,2,5,9,3,2,0,5,9,10,9,9,3,9,9,158
59,520,12,9,21,2,5,9,3,2,0,5,9,10,9,3,2,0,5,9
59,520,12,9,21,2,5,9,3,2,0,5,9,10,9,9,3,2,0,5
59,520,12,9,21,2,5,9,3,2,0,5,9,10,9,3,2,0,5,9
59,520,12,9,21,2,5,9,3,2,0,5,9,10,9,9,3,9,9,158
59,520,12,9,21,2,5,9,3,2,0,5,9,10,9,9,3,9,9,158
59,520,12,9,21,2,5,9,3,2,0,5,9,10,9,9,3,2,0,5
59,520,12,9,21,2,5,9,3,2,0,5,9,10,9,3,2,0,5,9
59,520,12,9,21,2,5,9,3,2,0,5,9,10,9,3,2,0,5,9
59,520,12,9,21,2,5,9,3,2,0,5,9,10,9,3,2,0,5,9
59,520,12,9,21,2,5,9,3,2,0,5,9,10,9,3,2,0,5,9
59,520,12,9,21,2,5,9,3,2,0,5,9,10,9,3,2,0,5,9
59,520,12,9,21,2,5,9,3,2,0,5,9,10,9,3,2,0,5,9
59,520,12,9,21,2,5,9,3,2,0,5,9,10,9,3,2,0,5,9
59,520,12,9,21,2,5,9,3,2,0,5,9,10,9,3,2,0,5,9
59,520,12,9,21,2,5,9,3,2,0,5,9,10,9,3,2,0,5,9
59,520,12,9,21,2,5,9,3,2,0,5,9,10,9,3,2,0,5,9
59,520,12,9,21,2,5,9,3,2,0,5,9,10,9,3,2,0,5,9
59,520,12,9,21,2,5,9,3,2,0,5,9,10,9,3,2,0,5,9
59,520,12,9,21,2,5,9,3,2,0,5,9,10,9,3,2,0,5,9
59,520,12,9,21,2,5,9,3,2,0,5,9,10,9,3,2,0,5,9
59,520,12,9,21,2,5,9,3,2,0,5,9,10,9,3,2,0,5,9
59,520,12,9,21,2,5,9,3,2,0,5,9,10,9,3,2,0,5,9
59,520,12,9,21,2,5,9,3,2,0,5,9,10,9,3,2,0,5,9
59,520,12,9,21,2,5,9,3,2,0,5,9,10,9,3,2,0,5,9
59,520,12,9,21,2,5,9,3,2,0,5,9,10,9,3,2,0,5,9
59,520,12,9,21,2,5,9,3,2,0,5,9,10,9,3,2,0,5,9
59,520,12,9,21,2,5,9,3,2,0,5,9,10,9,3,2,0,5,9
59,520,12,9,21,2,5,9,3,2,0,5,9,10,9,3,2,0,5,9
59,520,12,9,21,2,5,9,3,2,0,5,9,10,9,9,3,9,9,158
59,520,12,9,21,2,5,9,3,2,0,5,9,10,9,9,3,2,0,5
59,520,12,9,21,2,5,9,3,2,0,5,9,10,9,3,2,0,5,9
59,520,12,9,21,2,5,9,3,2,0,5,9,10,9,9,3,2,0,5
59,520,12,9,21,2,5,9,3,2,0,5,9,10,9,3,2,0,5,9
59,520,12,9,21,2,5,9,3,2,0,5,9,10,9,3,2,0,5,9
59,520,12,9,21,2,5,9,3,2,0,5,9,10,9,3,2,0,5,9
59,520,12,9,21,2,5,9,3,2,0,5,9,10,9,3,2,0,5,9
59,520,12,9,21,2,5,9,3,2,0,5,9,10,9,9,3,2,0,5
59,520,12,9,21,2,5,9,3,2,0,5,9,10,9,9,3,2,0,5
59,520,12,9,21,2,5,9,3,2,0,5,9,10,9,3,2,0,5,9
59,520,12,9,21,2,5,9,3,2,0,5,9,10,9,3,2,0,5,9
59,520,12,9,21,2,5,9,3,2,0,5,9,10,9,3,2,0,5,9
59,520,12,9,21,2,5,9,3,2,0,5,9,10,9,9,3,9,9,158
59,520,12,9,21,2,5,9,3,2,0,5,9,10,9,9,3,9,9,158
59,520,12,9,89,21,2,4,2,4,2,4,2,4,2,5,9,3,2,4
59,520,12,9,89,21,2,4,2,4,2,4,2,4,2,5,9,3,2,4
59,520,12,9,21,2,5,9,3,2,4,2,4,2,4,2,4,2,4,2
59,520,12,9,21,2,5,9,3,2,0,5,9,10,9,3,2,0,5,9
59,520,12,9,21,2,5,9,3,2,4,2,4,2,4,2,4,2,4,2
59,520,12,9,21,2,5,9,3,2,4,2,4,2,4,2,4,2,4,2
59,520,12,9,21,2,5,9,3,2,4,2,4,2,4,2,4,2,4,2
59,520,12,9,21,2,5,9,3,2,4,2,4,2,4,2,4,2,4,2
59,520,12,9,21,2,5,9,3,2,4,2,4,2,4,2,4,2,4,2
59,520,12,9,21,2,5,9,3,2,4,2,4,2,4,2,4,2,4,2
59,520,12,9,21,2,5,9,3,2,4,2,4,2,4,2,4,2,4,2
59,520,12,9,21,2,5,9,3,2,4,2,4,2,4,2,4,2,4,2
59,520,12,9,21,2,5,9,3,2,0,5,9,10,9,3,2,0,5,9
59,520,12,9,21,2,5,9,3,2,0,5,9,10,9,9,3,9,9,158
59,520,12,9,21,2,5,9,3,2,0,5,9,10,9,9,3,2,0,5
59,520,12,9,21,2,5,9,3,2,0,5,9,10,9,9,3,9,9,158
59,520,12,9,21,2,5,9,3,2,0,5,9,10,9,3,2,0,5,9
59,520,12,9,21,2,5,9,3,2,0,5,9,10,9,3,2,0,5,9
59,520,12,9,21,2,5,9,3,2,0,5,9,10,9,9,3,9,9,158
59,520,12,9,21,2,4,2,4,2,4,2,0,5,9,10,9,3,2,2
59,520,12,9,21,2,5,9,3,2,0,5,9,10,9,9,3,9,9,158
59,520,12,9,21,2,5,9,3,2,0,5,9,10,9,9,3,2,0,5
59,520,12,9,21,2,5,9,3,2,0,5,9,10,9,9,3,2,0,5
59,520,12,9,21,2,5,9,3,2,0,5,9,10,9,9,3,2,0,5
59,520,12,9,21,2,5,9,3,2,0,5,9,10,9,9,3,2,0,5
59,520,12,9,21,2,5,9,3,2,0,5,9,10,9,9,3,2,0,5
59,520,12,9,21,2,5,9,3,2,0,5,9,10,9,9,3,2,0,5
59,520,12,9,21,2,5,9,3,2,0,5,9,10,9,9,3,2,0,5
59,520,12,9,21,2,5,9,3,2,0,5,9,10,9,9,3,2,0,5
59,520,12,9,21,2,5,9,3,2,0,5,9,10,9,9,3,2,0,5
59,520,12,9,21,2,5,9,3,2,0,5,9,10,9,3,2,0,5,9
59,520,12,9,21,2,5,9,3,2,0,5,9,10,9,3,2,0,5,9
59,520,12,9,21,2,5,9,3,2,0,5,9,10,9,3,2,0,5,9
59,520,12,9,21,2,5,9,3,2,0,5,9,10,9,9,3,9,9,158
59,520,12,9,21,2,5,9,3,2,0,5,9,10,9,9,3,9,9,158
59,520,12,9,21,2,5,9,3,2,0,5,9,10,9,9,3,9,9,158
59,520,12,9,21,2,5,9,3,2,0,5,9,10,9,9,3,9,9,158
59,520,12,9,21,2,5,9,3,2,0,5,9,10,9,3,2,0,5,9
59,520,12,9,21,2,5,9,3,2,0,5,9,10,9,9,3,2,0,5
59,520,12,9,21,2,5,9,3,2,4,2,4,2,4,2,4,2,4,2
59,520,12,9,21,2,5,9,3,2,0,5,9,10,9,3,2,0,5,9
59,520,12,9,21,2,5,9,3,2,0,5,9,10,9,9,3,2,0,5
59,520,12,9,21,2,5,9,3,2,0,5,9,10,9,9,3,9,9,158
59,520,12,9,21,2,5,9,3,2,0,5,9,10,9,9,3,2,0,5
59,520,12,9,21,2,5,9,3,2,0,5,9,10,9,9,3,9,9,158
59,520,12,9,21,2,5,9,3,2,0,5,9,10,9,9,3,9,9,158
59,520,12,9,21,2,5,9,3,2,0,5,9,10,9,3,2,0,5,9
59,520,12,9,21,2,5,9,3,2,0,5,9,10,9,9,3,2,0,5
59,520,12,9,21,2,5,9,3,2,0,5,9,10,9,3,2,0,5,9
59,520,12,9,21,2,5,9,3,2,0,5,9,10,9,3,2,0,5,9
59,520,12,9,21,2,5,9,3,2,0,5,9,10,9,3,2,0,5,9
59,520,12,9,21,2,5,9,3,2,0,5,9,10,9,3,2,0,5,9
59,520,12,9,21,2,5,9,3,2,0,5,9,10,9,3,2,0,5,9
59,520,12,9,21,2,5,9,3,2,0,5,9,10,9,3,2,0,5,9
59,520,12,9,21,2,5,9,3,2,0,5,9,10,9,3,2,0,5,9
59,520,12,9,21,2,5,9,3,2,0,5,9,10,9,3,2,0,5,9
59,520,12,9,21,2,5,9,3,2,0,5,9,10,9,9,3,9,9,158
59,520,12,9,21,2,5,9,3,2,0,5,9,10,9,9,3,2,0,5
59,520,12,9,21,2,5,9,3,2,0,5,9,10,9,9,3,2,0,5
59,520,12,9,21,2,5,9,3,2,4,2,4,2,4,2,4,2,4,2
59,520,12,9,21,2,5,9,3,2,4,2,4,2,4,2,4,2,4,2
59,520,12,9,21,2,5,9,3,2,4,2,4,2,4,2,4,2,4,2
59,520,12,9,21,2,5,9,3,2,4,2,4,2,4,2,4,2,4,2
59,520,12,9,89,21,2,4,2,4,2,4,2,4,2,5,9,3,2,4
59,520,12,9,21,2,5,9,3,2,0,5,9,10,9,9,3,9,9,158
59,520,12,9,89,21,2,4,2,4,2,4,2,4,2,5,9,3,2,4
59,520,12,9,89,21,2,4,2,4,2,4,2,4,2,5,9,3,2,4
59,520,12,9,89,21,2,4,2,4,2,4,2,4,2,5,9,3,2,4
59,520,12,9,21,2,5,9,3,2,0,5,9,10,9,3,2,0,5,9
59,520,12,9,21,2,5,9,3,2,0,5,9,10,9,9,3,2,0,5
59,520,12,9,21,2,5,9,3,2,0,5,9,10,9,9,3,9,9,158
59,520,12,9,21,2,5,9,3,2,0,5,9,10,9,3,2,0,5,9
59,520,12,9,21,2,5,9,3,2,0,5,9,10,9,3,2,0,5,9
59,520,12,9,21,2,5,9,3,2,0,5,9,10,9,3,2,0,5,9
59,520,12,9,89,21,2,4,2,4,2,4,2,4,2,5,9,3,2,4
59,520,12,9,21,2,5,9,3,2,0,5,9,10,9,3,2,0,5,9
59,520,12,9,21,2,5,9,3,2,0,5,9,10,9,3,2,0,5,9
59,520,12,9,21,2,5,9,3,2,0,5,9,10,9,3,2,0,5,9
59,520,12,9,21,2,5,9,3,2,0,5,9,10,9,9,3,2,0,5
59,520,12,9,21,2,5,9,3,2,0,5,9,10,9,3,2,0,5,9
59,520,12,9,21,2,5,9,3,2,0,5,9,10,9,9,3,9,9,158
59,520,12,9,21,2,5,9,3,2,0,5,9,10,9,9,3,2,0,5
59,520,12,9,21,2,5,9,3,2,0,5,9,10,9,9,3,9,9,158
59,520,12,9,21,2,5,9,3,2,0,5,9,10,9,3,2,0,5,9
59,520,12,9,21,2,5,9,3,2,0,5,9,10,9,9,3,9,9,158
59,520,12,9,21,2,5,9,3,2,0,5,9,10,9,3,2,0,5,9
59,520,12,9,21,2,5,9,3,2,0,5,9,10,9,9,3,9,9,158
59,520,12,9,21,2,5,9,3,2,0,5,9,10,9,3,2,0,5,9
59,520,12,9,21,2,5,9,3,2,0,5,9,10,9,9,3,2,0,5
59,520,12,9,21,2,5,9,3,2,0,5,9,10,9,3,2,0,5,9
59,520,12,9,21,2,5,9,3,2,0,5,9,10,9,9,3,9,9,158
59,520,12,9,21,2,5,9,3,2,0,5,9,10,9,3,2,0,5,9
59,520,12,9,89,21,2,4,2,4,2,4,2,4,2,5,9,3,2,4
59,520,12,9,21,2,5,9,3,2,0,5,9,10,9,9,3,2,0,5
59,520,12,9,89,21,2,4,2,4,2,4,2,4,2,5,9,3,2,0
59,520,12,9,21,2,5,9,3,2,0,5,9,10,9,9,3,2,0,5
59,520,12,9,21,2,5,9,3,2,0,5,9,10,9,3,2,0,5,9
59,520,12,9,21,2,5,9,3,2,0,5,9,10,9,3,2,0,5,9
59,520,12,9,21,2,5,9,3,2,0,5,9,10,9,3,2,0,5,9
59,520,12,9,21,2,5,9,3,2,0,5,9,10,9,3,2,0,5,9
59,520,12,9,21,2,5,9,3,2,0,5,9,10,9,3,2,0,5,9
59,520,12,9,21,2,5,9,3,2,0,5,9,10,9,9,3,2,0,5
59,520,12,9,21,2,5,9,3,2,0,5,9,10,9,9,3,2,0,5
59,520,12,9,21,2,5,9,3,2,0,5,9,10,9,3,2,0,5,9
59,520,12,9,21,2,5,9,3,2,0,5,9,10,9,9,3,9,9,158
59,520,12,9,21,2,5,9,3,2,0,5,9,10,9,3,2,0,5,9
59,520,12,9,21,2,5,9,3,2,0,5,9,10,9,9,3,9,9,158
59,520,12,9,21,2,5,9,3,2,4,2,4,2,4,2,4,2,4,2
59,520,12,9,21,2,5,9,3,2,0,5,9,10,9,9,3,9,9,158
59,520,12,9,21,2,5,9,3,2,0,5,9,10,9,3,2,0,5,9
59,520,12,9,21,2,5,9,3,2,0,5,9,10,9,3,2,0,5,9
59,520,12,9,21,2,5,9,3,2,4,2,4,2,4,2,4,2,4,2
59,520,12,9,21,2,5,9,3,2,4,2,4,2,4,2,4,2,4,2
59,520,12,9,21,2,5,9,3,2,4,2,4,2,4,2,4,2,4,2
59,520,12,9,21,2,5,9,3,2,0,5,9,10,9,3,2,0,5,9
59,520,12,9,21,2,5,9,3,2,0,5,9,10,9,9,3,2,0,5
59,520,12,9,21,2,5,9,3,2,0,5,9,10,9,9,3,2,0,5
59,520,12,9,21,2,5,9,3,2,0,5,9,10,9,3,2,0,5,9
59,520,12,9,21,2,5,9,3,2,0,5,9,10,9,3,2,0,5,9
59,520,12,9,21,2,5,9,3,2,0,5,9,10,9,3,2,0,5,9
59,520,12,9,21,2,5,9,3,2,0,5,9,10,9,3,2,0,5,9
59,520,12,9,21,2,5,9,3,2,0,5,9,10,9,3,2,0,5,9
59,520,12,9,21,2,5,9,3,2,0,5,9,10,9,9,3,9,9,158
59,520,12,9,21,2,5,9,3,2,0,5,9,10,9,9,3,2,0,5
59,520,12,9,21,2,5,9,3,2,0,5,9,10,9,3,2,0,5,9
59,520,12,9,21,2,5,9,3,2,0,5,9,10,9,3,2,0,5,9
59,520,12,9,21,2,5,9,3,2,0,5,9,10,9,3,2,0,5,9
59,520,12,9,21,2,5,9,3,2,0,5,9,10,9,9,3,2,0,5
59,520,12,9,21,2,5,9,3,2,4,2,4,2,4,2,4,2,4,2
59,520,12,9,21,2,5,9,3,2,4,2,4,2,4,2,4,2,4,2
59,520,12,9,21,2,5,9,3,2,0,5,9,10,9,9,3,9,9,158
59,520,12,9,21,2,5,9,3,2,0,5,9,10,9,3,2,0,5,9
59,520,12,9,21,2,5,9,3,2,0,5,9,10,9,9,3,2,0,5
59,520,12,9,21,2,5,9,3,2,0,5,9,10,9,9,3,2,0,5
59,520,12,9,21,2,5,9,3,2,0,5,9,10,9,9,3,2,0,5
59,520,12,9,21,2,5,9,3,2,0,5,9,10,9,9,3,2,0,5
59,520,12,9,21,2,5,9,3,2,0,5,9,10,9,9,3,2,0,5
59,520,12,9,21,2,5,9,3,2,0,5,9,10,9,9,3,2,0,5
59,520,12,9,21,2,5,9,3,2,0,5,9,10,9,9,3,2,0,5
59,520,12,9,21,2,5,9,3,2,0,5,9,10,9,9,3,2,0,5
59,520,12,9,21,2,5,9,3,2,0,5,9,10,9,9,3,9,9,158
59,520,12,9,21,2,5,9,3,2,0,5,9,10,9,9,3,2,0,5
59,520,12,9,21,2,5,9,3,2,0,5,9,10,9,9,3,2,0,5
59,520,12,9,21,2,5,9,3,2,0,5,9,10,9,9,3,2,0,5
59,520,12,9,21,2,5,9,3,2,0,5,9,10,9,9,3,2,0,5
59,520,12,9,21,2,5,9,3,2,0,5,9,10,9,3,2,0,5,9
59,520,12,9,21,2,5,9,3,2,0,5,9,10,9,9,3,2,0,5
59,520,12,9,21,2,5,9,3,2,0,5,9,10,9,9,3,2,0,5
59,520,12,9,21,2,5,9,3,2,0,5,9,10,9,3,2,0,5,9
59,520,12,9,21,2,5,9,3,2,0,5,9,10,9,9,3,2,0,5
59,520,12,9,21,2,5,9,3,2,0,5,9,10,9,3,2,0,5,9
59,520,12,9,21,2,5,9,3,2,0,5,9,10,9,3,2,0,5,9
59,520,12,9,21,2,5,9,3,2,0,5,9,10,9,9,3,2,0,5
59,520,12,9,21,2,5,9,3,2,0,5,9,10,9,9,3,2,0,5
59,520,12,9,21,2,5,9,3,2,0,5,9,10,9,3,2,0,5,9
59,520,12,9,21,2,5,9,3,2,0,5,9,10,9,3,2,0,5,9
59,520,12,9,21,2,5,9,3,2,0,5,9,10,9,3,2,0,5,9
59,520,12,9,21,2,5,9,3,2,0,5,9,10,9,9,3,2,0,5
59,520,12,9,21,2,5,9,3,2,0,5,9,10,9,3,2,0,5,9
59,520,12,9,21,2,5,9,3,2,0,5,9,10,9,9,3,2,0,5
59,520,12,9,21,2,5,9,3,2,0,5,9,10,9,9,3,2,0,5
59,520,12,9,21,2,5,9,3,2,0,5,9,10,9,3,2,0,5,9
59,520,12,9,21,2,5,9,3,2,0,5,9,10,9,3,2,0,5,9
59,520,12,9,21,2,5,9,3,2,0,5,9,10,9,9,3,2,0,5
59,520,12,9,21,2,5,9,3,2,0,5,9,10,9,9,3,2,0,5
59,520,12,9,21,2,5,9,3,2,0,5,9,10,9,3,2,0,5,9
59,520,12,9,21,2,5,9,3,2,0,5,9,10,9,9,3,2,0,5
59,520,12,9,21,2,5,9,3,2,0,5,9,10,9,9,3,2,0,5
59,520,12,9,21,2,5,9,3,2,0,5,9,10,9,9,3,2,0,5
59,520,12,9,21,2,5,9,3,2,0,5,9,10,9,3,2,0,5,9
59,520,12,9,21,2,5,9,3,2,0,5,9,10,9,3,2,0,5,9
59,520,12,9,21,2,5,9,3,2,0,5,9,10,9,9,3,2,0,5
59,520,12,9,21,2,5,9,3,2,0,5,9,10,9,9,3,2,0,5
59,520,12,9,21,2,5,9,3,2,0,5,9,10,9,9,3,2,0,5
59,520,12,9,21,2,5,9,3,2,0,5,9,10,9,9,3,2,0,5
59,520,12,9,21,2,5,9,3,2,0,5,9,10,9,9,3,2,0,5
59,520,12,9,21,2,5,9,3,2,0,5,9,10,9,3,2,0,5,9
59,520,12,9,21,2,5,9,3,2,0,5,9,10,9,3,2,0,5,9
59,520,12,9,21,2,5,9,3,2,0,5,9,10,9,3,2,0,5,9
59,520,12,9,21,2,5,9,3,2,0,5,9,10,9,3,2,0,5,9
59,520,12,9,21,2,5,9,3,2,0,5,9,10,9,3,2,0,5,9
59,520,12,9,21,2,5,9,3,2,0,5,9,10,9,9,3,2,0,5
59,520,12,9,21,2,5,9,3,2,0,5,9,10,9,9,3,2,0,5
59,520,12,9,21,2,5,9,3,2,0,5,9,10,9,9,3,2,0,5
59,520,12,9,21,2,5,9,3,2,0,5,9,10,9,9,3,2,0,5
59,520,12,9,21,2,5,9,3,2,4,2,4,2,4,2,4,2,4,2
59,520,12,9,21,2,5,9,3,2,4,2,4,2,4,2,4,2,4,2
59,520,12,9,21,2,5,9,3,2,4,2,4,2,4,2,4,2,4,2
59,520,12,9,21,2,5,9,3,2,4,2,4,2,4,2,4,2,4,2
59,520,12,9,21,2,5,9,3,2,4,2,4,2,4,2,4,2,4,2
59,520,12,9,21,2,5,9,3,2,4,2,4,2,4,2,4,2,4,2
59,520,12,9,21,2,5,9,3,2,4,2,4,2,4,2,4,2,4,2
59,520,12,9,21,2,5,9,3,2,4,2,4,2,4,2,4,2,4,2
59,520,12,9,21,2,5,9,3,2,4,2,4,2,4,2,4,2,4,2
59,520,12,9,21,2,5,9,3,2,4,2,4,2,4,2,4,2,4,2
59,520,12,9,21,2,5,9,3,2,0,5,9,10,9,9,3,2,0,5
59,520,12,9,21,2,5,9,3,2,0,5,9,10,9,3,2,0,5,9
59,520,12,9,21,2,5,9,3,2,0,5,9,10,9,3,2,0,5,9
59,520,12,9,21,2,5,9,3,2,0,5,9,10,9,9,3,9,9,158
59,520,12,9,89,21,2,4,2,4,2,4,2,4,2,5,9,3,2,4
59,520,12,9,21,2,5,9,3,2,0,5,9,10,9,3,2,0,5,9
59,520,12,9,21,2,5,9,3,2,0,5,9,10,9,3,2,0,5,9
59,520,12,9,89,21,2,4,2,4,2,4,2,4,2,5,9,3,2,4
59,520,12,9,89,21,2,4,2,4,2,4,2,4,2,5,9,3,2,4
59,520,12,9,89,21,2,4,2,4,2,4,2,4,2,5,9,3,2,4
59,520,12,9,89,21,2,4,2,4,2,4,2,4,2,5,9,3,2,4
59,520,12,9,89,21,2,4,2,4,2,4,2,4,2,5,9,3,2,4
59,520,12,9,21,2,5,9,3,2,0,5,9,10,9,3,2,0,5,9
59,520,12,9,89,21,2,4,2,4,2,4,2,4,2,5,9,3,2,4
59,520,12,9,89,21,2,4,2,4,2,4,2,4,2,5,9,3,2,4
59,520,12,9,89,21,2,4,2,4,2,4,2,4,2,5,9,3,2,4
59,520,12,9,89,21,2,4,2,4,2,4,2,4,2,5,9,3,2,4
59,520,12,9,89,21,2,4,2,4,2,4,2,4,2,5,9,3,2,4
59,520,12,9,89,21,2,4,2,4,2,4,2,4,2,5,9,3,2,4
59,520,12,9,21,2,5,9,3,2,0,5,9,10,9,3,2,0,5,9
59,520,12,9,89,21,2,4,2,4,2,4,2,4,2,5,9,3,2,4
59,520,12,9,89,21,2,4,2,4,2,4,2,4,2,5,9,3,2,4
59,520,12,9,89,21,2,4,2,4,2,4,2,4,2,5,9,3,2,4
59,520,12,9,89,21,2,4,2,4,2,4,2,4,2,5,9,3,2,4
59,520,12,9,89,21,2,4,2,4,2,4,2,4,2,5,9,3,2,4
59,520,12,9,21,2,5,9,3,2,0,5,9,10,9,3,2,0,5,9
59,520,12,9,21,2,5,9,3,2,0,5,9,10,9,9,3,9,9,158
59,520,12,9,21,2,5,9,3,2,4,2,4,2,4,2,4,2,4,2
59,520,12,9,21,2,5,9,3,2,4,2,4,2,4,2,4,2,4,2
59,520,12,9,89,21,2,4,2,4,2,4,2,4,2,5,9,3,2,4
59,520,12,9,21,2,5,9,3,2,4,2,4,2,4,2,4,2,4,2
59,520,12,9,21,2,5,9,3,2,0,5,9,10,9,3,2,0,5,9
59,520,12,9,21,2,5,9,3,2,0,5,9,10,9,9,3,9,9,158
59,520,12,9,21,2,5,9,3,2,0,5,9,10,9,9,3,9,9,158
59,520,12,9,21,2,5,9,3,2,0,5,9,10,9,9,3,9,9,158
59,520,12,9,21,2,5,9,3,2,0,5,9,10,9,3,2,0,5,9
59,520,12,9,21,2,5,9,3,2,0,5,9,10,9,9,3,2,0,5
59,520,12,9,21,2,5,9,3,2,0,5,9,10,9,9,3,2,0,5
59,520,12,9,21,2,5,9,3,2,0,5,9,10,9,9,3,9,9,158
59,520,12,9,21,2,5,9,3,2,4,2,4,2,4,2,4,2,4,2
59,520,12,9,21,2,5,9,3,2,0,5,9,10,9,9,3,9,9,158
59,520,12,9,21,2,5,9,3,2,0,5,9,10,9,9,3,9,9,158
59,520,12,9,21,2,5,9,3,2,0,5,9,10,9,3,2,0,5,9
59,520,12,9,21,2,5,9,3,2,0,5,9,10,9,3,2,0,5,9
59,520,12,9,21,2,5,9,3,2,4,2,4,2,4,2,4,2,4,2
59,520,12,9,21,2,5,9,3,2,0,5,9,10,9,9,3,9,9,158
59,520,12,9,21,2,5,9,3,2,0,5,9,10,9,3,2,0,5,9
59,520,12,9,21,2,5,9,3,2,0,5,9,10,9,3,2,0,5,9
59,520,12,9,21,2,5,9,3,2,0,5,9,10,9,9,3,2,0,5
59,520,12,9,21,2,5,9,3,2,0,5,9,10,9,3,2,0,5,9
59,520,12,9,21,2,5,9,3,2,0,5,9,10,9,3,2,0,5,9
59,520,12,9,21,2,5,9,3,2,0,5,9,10,9,9,3,9,9,158
59,520,12,9,21,2,5,9,3,2,0,5,9,10,9,3,2,0,5,9
59,520,12,9,21,2,5,9,3,2,0,5,9,10,9,3,2,0,5,9
59,520,12,9,21,2,5,9,3,2,0,5,9,10,9,3,2,0,5,9
59,520,12,9,21,2,5,9,3,2,0,5,9,10,9,9,3,9,9,158
59,520,12,9,21,2,5,9,3,2,0,5,9,10,9,3,2,0,5,9
59,520,12,9,21,2,5,9,3,2,0,5,9,10,9,9,3,9,9,158
59,520,12,9,21,2,5,9,3,2,0,5,9,10,9,3,2,0,5,9
59,520,12,9,21,2,5,9,3,2,0,5,9,10,9,3,2,0,5,9
59,520,12,9,21,2,5,9,3,2,0,5,9,10,9,9,3,2,0,5
59,520,12,9,21,2,5,9,3,2,0,5,9,10,9,3,2,0,5,9
59,520,12,9,21,2,5,9,3,2,0,5,9,10,9,3,2,0,5,9
59,520,12,9,21,2,5,9,3,2,0,5,9,10,9,3,2,0,5,9
59,520,12,9,21,2,5,9,3,2,0,5,9,10,9,9,3,2,0,5
59,520,12,9,21,2,5,9,3,2,0,5,9,10,9,9,3,9,9,158
59,520,12,9,21,2,5,9,3,2,0,5,9,10,9,9,3,9,9,158
59,520,12,9,21,2,5,9,3,2,0,5,9,10,9,3,2,0,5,9
59,520,12,9,21,2,5,9,3,2,0,5,9,10,9,9,3,9,9,158
59,520,12,9,21,2,5,9,3,2,0,5,9,10,9,3,2,0,5,9
59,520,12,9,21,2,5,9,3,2,0,5,9,10,9,3,2,0,5,9
59,520,12,9,21,2,5,9,3,2,0,5,9,10,9,3,2,0,5,9
59,520,12,9,21,2,5,9,3,2,0,5,9,10,9,3,2,0,5,9
59,520,12,9,21,2,5,9,3,2,0,5,9,10,9,9,3,9,9,158
59,520,12,9,21,2,5,9,3,2,0,5,9,10,9,9,3,9,9,158
59,520,12,9,21,2,5,9,3,2,0,5,9,10,9,9,3,9,9,158
59,520,12,9,21,2,5,9,3,2,0,5,9,10,9,3,2,0,5,9
59,520,12,9,21,2,5,9,3,2,0,5,9,10,9,9,3,9,9,158
59,520,12,9,21,2,5,9,3,2,0,5,9,10,9,9,3,9,9,158
59,520,12,9,21,2,5,9,3,2,0,5,9,10,9,9,3,9,9,158
12,9,21,2,5,9,3,2,0,5,9,10,9,3,2,0,5,9,10,9
59,520,12,9,21,2,5,9,3,2,0,5,9,10,9,9,3,9,9,158
59,520,12,9,21,2,5,9,3,2,4,2,4,2,4,2,4,2,4,2
59,520,12,9,21,2,5,9,3,2,0,5,9,10,9,3,2,0,5,9
59,520,12,9,21,2,5,9,3,2,0,5,9,10,9,3,2,0,5,9
59,520,12,9,21,2,5,9,3,2,0,5,9,10,9,3,2,0,5,9
59,520,12,9,21,2,5,9,3,2,0,5,9,10,9,3,2,0,5,9
59,520,12,9,21,2,5,9,3,2,0,5,9,10,9,3,2,0,5,9
59,520,12,9,21,2,5,9,3,2,0,5,9,10,9,3,2,0,5,9
59,520,12,9,21,2,5,9,3,2,0,5,9,10,9,3,2,0,5,9
59,520,12,9,21,2,5,9,3,2,0,5,9,10,9,3,2,0,5,9
59,520,12,9,21,2,5,9,3,2,0,5,9,10,9,3,2,0,5,9
59,520,12,9,21,2,5,9,3,2,0,5,9,10,9,3,2,0,5,9
59,520,12,9,21,2,5,9,3,2,0,5,9,10,9,3,2,0,5,9
59,520,12,9,21,2,5,9,3,2,4,2,4,2,4,2,4,2,4,2
59,520,12,9,21,2,5,9,3,2,4,2,4,2,4,2,4,2,4,2
59,520,12,9,21,2,5,9,3,2,4,2,4,2,4,2,4,2,4,2
59,520,12,9,21,2,5,9,3,2,0,5,9,10,9,9,3,9,9,158
59,520,12,9,21,2,5,9,3,2,4,2,4,2,4,2,4,2,4,2
59,520,12,9,89,21,2,4,2,4,2,4,2,4,2,5,9,3,2,4
59,520,12,9,89,21,2,4,2,4,2,4,2,4,2,5,9,3,2,4
59,520,12,9,21,2,5,9,3,2,0,5,9,10,9,3,2,0,5,9
59,520,12,9,21,2,5,9,3,2,0,5,9,10,9,3,2,0,5,9
59,520,12,9,21,2,5,9,3,2,0,5,9,10,9,3,2,0,5,9
59,520,12,9,21,2,5,9,3,2,0,5,9,10,9,9,3,9,9,158
59,520,12,9,21,2,5,9,3,2,0,5,9,10,9,3,2,0,5,9
59,520,12,9,89,21,2,4,2,4,2,4,2,4,2,5,9,3,2,4
59,520,12,9,21,2,5,9,3,2,0,5,9,10,9,9,3,9,9,158
59,520,12,9,21,2,5,9,3,2,0,5,9,10,9,9,3,9,9,158
59,520,12,9,21,2,5,9,3,2,0,5,9,10,9,3,2,0,5,9
59,520,12,9,89,21,2,4,2,4,2,4,2,4,2,5,9,3,2,0
59,520,12,9,21,2,5,9,3,2,0,5,9,10,9,9,3,9,9,158
59,520,12,9,21,2,5,9,3,2,0,5,9,10,9,9,3,9,9,158
59,520,12,9,21,2,5,9,3,2,0,5,9,10,9,9,3,9,9,158
59,520,12,9,89,21,2,4,2,4,2,4,2,4,2,5,9,3,2,0
59,520,12,9,21,2,5,9,3,2,0,5,9,10,9,3,2,0,5,9
59,520,12,9,21,2,5,9,3,2,0,5,9,10,9,3,2,0,5,9
59,520,12,9,21,2,5,9,3,2,0,5,9,10,9,3,2,0,5,9
59,520,12,9,21,2,5,9,3,2,0,5,9,10,9,3,2,0,5,9
59,520,12,9,21,2,5,9,3,2,0,5,9,10,9,9,3,2,0,5
59,520,12,9,21,2,5,9,3,2,0,5,9,10,9,9,3,9,9,158
59,520,12,9,89,21,2,4,2,4,2,4,2,4,2,5,9,3,2,4
59,520,12,9,89,21,2,4,2,4,2,4,2,4,2,5,9,3,2,0
59,520,12,9,21,2,5,9,3,2,0,5,9,10,9,3,2,0,5,9
59,520,12,9,21,2,5,9,3,2,0,5,9,10,9,9,3,2,0,5
59,520,12,9,89,21,2,4,2,4,2,4,2,4,2,5,9,3,2,0
59,520,12,9,21,2,5,9,3,2,0,5,9,10,9,3,2,0,5,9
59,520,12,9,21,2,5,9,3,2,0,5,9,10,9,3,2,0,5,9
59,520,12,9,89,21,2,4,2,4,2,4,2,4,2,5,9,3,2,0
59,520,12,9,89,21,2,4,2,4,2,4,2,4,2,5,9,3,2,0
59,520,12,9,89,21,2,4,2,4,2,4,2,4,2,5,9,3,2,0
59,520,12,9,21,2,5,9,3,2,0,5,9,10,9,9,3,2,0,5
59,520,12,9,89,21,2,4,2,4,2,4,2,4,2,5,9,3,2,0
59,520,12,9,21,2,5,9,3,2,0,5,9,10,9,9,3,2,0,5
59,520,12,9,21,2,5,9,3,2,0,5,9,10,9,9,3,2,0,5
59,520,12,9,21,2,5,9,3,2,0,5,9,10,9,9,3,2,0,5
59,520,12,9,21,2,5,9,3,2,0,5,9,10,9,9,3,9,9,158
59,520,12,9,21,2,5,9,3,2,0,5,9,10,9,9,3,9,9,158
59,520,12,9,21,2,5,9,3,2,0,5,9,10,9,3,2,0,5,9
59,520,12,9,21,2,5,9,3,2,0,5,9,10,9,3,2,0,5,9
59,520,12,9,21,2,5,9,3,2,0,5,9,10,9,3,2,0,5,9
59,520,12,9,89,21,2,4,2,4,2,4,2,4,2,5,9,3,2,4
59,520,12,9,21,2,5,9,3,2,0,5,9,10,9,9,3,9,9,158
59,520,63,12,12,158,12,12,2,5,9,3,2,5,9,0,257,78,2,5
59,520,12,9,21,2,5,9,3,2,0,5,9,10,9,3,2,0,5,9
59,520,12,9,21,2,4,2,4,2,4,2,4,2,5,9,3,2,4,2
59,520,12,9,21,2,5,9,3,2,0,5,9,10,9,9,3,9,9,158
59,520,12,9,21,2,5,9,3,2,0,5,9,10,9,9,3,9,9,158
59,520,12,9,21,2,5,9,3,2,0,5,9,10,9,3,2,0,5,9
59,520,12,9,21,2,4,2,4,2,4,2,0,5,9,10,9,3,2,2
59,520,12,9,21,2,5,9,3,2,0,5,9,10,9,3,2,0,5,9
59,520,12,9,21,2,5,9,3,2,0,5,9,10,9,3,2,0,5,9
59,520,12,9,21,2,5,9,3,2,0,5,9,10,9,3,2,0,5,9
59,520,12,9,21,2,5,9,3,2,0,5,9,10,9,3,2,0,5,9
59,520,12,9,21,2,5,9,3,2,0,5,9,10,9,3,2,0,5,9
59,520,12,9,21,2,5,9,3,2,0,5,9,10,9,3,2,0,5,9
59,520,12,9,21,2,5,9,3,2,0,5,9,10,9,3,2,0,5,9
59,520,12,9,21,2,5,9,3,2,0,5,9,10,9,3,2,4,2,4
59,520,12,9,21,2,5,9,3,2,0,5,9,10,9,3,2,0,5,9
59,520,12,9,21,2,5,9,3,2,0,5,9,10,9,3,2,0,5,9
59,520,12,9,21,2,5,9,3,2,4,2,4,2,4,2,4,2,4,2
59,520,12,9,21,2,5,9,3,2,0,5,9,10,9,3,2,0,5,9
59,520,12,9,89,21,2,4,2,4,2,4,2,4,2,5,9,3,2,4
59,520,12,9,21,2,5,9,3,2,0,5,9,10,9,9,3,9,9,158
59,520,12,9,21,2,5,9,3,2,0,5,9,10,9,3,2,0,5,9
59,520,12,9,21,2,5,9,3,2,0,5,9,10,9,9,3,9,9,158
59,520,12,9,21,2,5,9,3,2,0,5,9,10,9,9,3,9,9,158
59,520,12,9,21,2,5,9,3,2,0,5,9,10,9,3,2,0,5,9
59,520,12,9,21,2,5,9,3,2,0,5,9,10,9,9,3,2,0,5
59,520,12,9,21,2,5,9,3,2,0,5,9,10,9,9,3,9,9,158
59,520,12,9,21,2,5,9,3,2,0,5,9,10,9,9,3,9,9,158
59,520,12,9,21,2,5,9,3,2,0,5,9,10,9,9,3,9,9,158
59,520,12,9,21,2,5,9,3,2,0,5,9,10,9,9,3,2,0,5
59,520,12,9,21,2,5,9,3,2,0,5,9,10,9,3,2,0,5,9
59,520,12,9,21,2,5,9,3,2,0,5,9,10,9,9,3,9,9,158
59,520,12,9,21,2,5,9,3,2,0,5,9,10,9,9,3,9,9,158
59,520,12,9,21,2,5,9,3,2,0,5,9,10,9,9,3,9,9,158
59,520,12,9,21,2,5,9,3,2,0,5,9,10,9,3,2,0,5,9
59,520,12,9,21,2,5,9,3,2,0,5,9,10,9,3,2,0,5,9
59,520,12,9,21,2,5,9,3,2,0,5,9,10,9,9,3,9,9,158
59,520,12,9,21,2,5,9,3,2,0,5,9,10,9,3,2,0,5,9
59,520,12,9,21,2,5,9,3,2,0,5,9,10,9,9,3,9,9,158
59,520,12,9,21,2,5,9,3,2,0,5,9,10,9,9,3,9,9,158
59,520,12,9,21,2,5,9,3,2,0,5,9,10,9,9,3,9,9,158
59,520,12,9,21,2,5,9,3,2,0,5,9,10,9,3,2,0,5,9
59,520,12,9,89,21,2,4,2,4,2,4,2,4,2,5,9,3,2,4
59,520,12,9,21,2,5,9,3,2,0,5,9,10,9,3,2,0,5,9
59,520,12,9,21,2,5,9,3,2,0,5,9,10,9,9,3,2,0,5
59,520,12,9,21,2,5,9,3,2,4,2,4,2,4,2,4,2,4,2
59,520,12,9,21,2,5,9,3,2,0,5,9,10,9,9,3,9,9,158
59,520,12,9,21,2,5,9,3,2,0,5,9,10,9,3,2,0,5,9
59,520,12,9,21,2,5,9,3,2,4,2,4,2,4,2,4,2,4,2
59,520,12,9,21,2,5,9,3,2,0,5,9,10,9,9,3,2,0,5
59,520,12,9,21,2,5,9,3,2,4,2,4,2,4,2,4,2,4,2
59,520,12,9,21,2,5,9,3,2,4,2,4,2,4,2,4,2,4,2
59,520,12,9,21,2,5,9,3,2,0,5,9,10,9,3,2,0,5,9
59,520,12,9,21,2,5,9,3,2,4,2,4,2,4,2,4,2,4,2
59,520,12,9,21,2,5,9,3,2,0,5,9,10,9,3,2,0,5,9
59,520,12,9,21,2,5,9,3,2,0,5,9,10,9,9,3,9,9,158
59,520,12,9,21,2,5,9,3,2,0,5,9,10,9,9,3,2,0,5
59,520,12,9,21,2,5,9,3,2,0,5,9,10,9,9,3,2,0,5
59,520,12,9,21,2,5,9,3,2,0,5,9,10,9,3,2,0,5,9
59,520,12,9,21,2,4,2,4,2,4,2,0,5,9,10,9,3,2,2
59,520,12,9,89,21,2,4,2,4,2,4,2,4,2,5,9,3,2,4
59,520,12,9,21,2,5,9,3,2,0,5,9,10,9,3,2,0,5,9
59,520,12,9,21,2,5,9,3,2,0,5,9,10,9,3,2,0,5,9
59,520,12,9,21,2,5,9,3,2,0,5,9,10,9,3,2,0,5,9
59,520,12,9,21,2,5,9,3,2,0,5,9,10,9,3,2,0,5,9
59,520,12,9,21,2,5,9,3,2,0,5,9,10,9,3,2,0,5,9
59,520,12,9,21,2,5,9,3,2,0,5,9,10,9,3,2,0,5,9
59,520,12,9,21,2,5,9,3,2,0,5,9,10,9,3,2,0,5,9
59,520,12,9,21,2,5,9,3,2,0,5,9,10,9,3,2,0,5,9
59,520,12,9,21,2,5,9,3,2,0,5,9,10,9,3,2,0,5,9
59,520,12,9,21,2,5,9,3,2,0,5,9,10,9,3,2,0,5,9
59,520,12,9,21,2,5,9,3,2,0,5,9,10,9,3,2,0,5,9
59,520,12,9,21,2,5,9,3,2,0,5,9,10,9,3,2,0,5,9
59,520,12,9,21,2,5,9,3,2,0,5,9,10,9,9,3,2,0,5
59,520,12,9,21,2,5,9,3,2,0,5,9,10,9,9,3,2,0,5
59,520,12,9,21,2,5,9,3,2,0,5,9,10,9,3,2,0,5,9
59,520,12,9,21,2,5,9,3,2,0,5,9,10,9,3,2,0,5,9
59,520,12,9,21,2,5,9,3,2,0,5,9,10,9,3,2,0,5,9
59,520,12,9,21,2,5,9,3,2,0,5,9,10,9,3,2,0,5,9
59,520,12,9,21,2,5,9,3,2,0,5,9,10,9,3,2,0,5,9
59,520,12,9,21,2,5,9,3,2,0,5,9,10,9,3,2,0,5,9
59,520,12,9,21,2,5,9,3,2,0,5,9,10,9,3,2,0,5,9
59,520,12,9,21,2,5,9,3,2,0,5,9,10,9,3,2,0,5,9
59,520,12,9,21,2,5,9,3,2,0,5,9,10,9,3,2,0,5,9
59,520,12,9,21,2,5,9,3,2,0,5,9,10,9,9,3,9,9,158
59,520,12,9,21,2,5,9,3,2,0,5,9,10,9,9,3,9,9,158
59,520,12,9,21,2,5,9,3,2,0,5,9,10,9,9,3,9,9,158
59,520,12,9,89,21,2,4,2,4,2,4,2,4,2,5,9,3,2,0
59,520,12,9,21,2,5,9,3,2,0,5,9,10,9,3,2,0,5,9
59,520,12,9,21,2,5,9,3,2,0,5,9,10,9,3,2,0,5,9
59,520,12,9,21,2,5,9,3,2,0,5,9,10,9,3,2,0,5,9
59,520,12,9,21,2,5,9,3,2,0,5,9,10,9,3,2,0,5,9
59,520,12,9,21,2,5,9,3,2,0,5,9,10,9,3,2,0,5,9
59,520,12,9,21,2,5,9,3,2,0,5,9,10,9,3,2,0,5,9
59,520,12,9,89,21,2,4,2,4,2,4,2,4,2,5,9,3,2,0
59,520,12,9,89,21,2,4,2,4,2,4,2,4,2,5,9,3,2,0
59,520,12,9,89,21,2,4,2,4,2,4,2,4,2,5,9,3,2,0
59,520,12,9,21,2,5,9,3,2,0,5,9,10,9,3,2,0,5,9
59,520,12,9,21,2,5,9,3,2,0,5,9,10,9,3,2,0,5,9
59,520,12,9,21,2,5,9,3,2,0,5,9,10,9,9,3,9,9,158
59,520,12,9,21,2,5,9,3,2,0,5,9,10,9,3,2,0,5,9
59,520,12,9,21,2,5,9,3,2,0,5,9,10,9,3,2,0,5,9
59,520,12,9,21,2,5,9,3,2,0,5,9,10,9,3,2,0,5,9
59,520,12,9,21,2,5,9,3,2,0,5,9,10,9,3,2,0,5,9
59,520,12,9,89,21,2,4,2,4,2,4,2,4,2,5,9,3,2,4
59,520,12,9,21,2,5,9,3,2,0,5,9,10,9,9,3,2,0,5
59,520,12,9,21,2,5,9,3,2,0,5,9,10,9,9,3,2,0,5
59,520,12,9,21,2,5,9,3,2,0,5,9,10,9,9,3,9,9,158
59,520,12,9,21,2,4,2,4,2,4,2,0,5,9,10,9,3,2,0
59,520,12,9,21,2,4,2,4,2,4,2,0,5,9,10,9,3,2,2
59,520,12,9,21,2,4,2,4,2,4,2,0,5,9,10,9,3,2,0
59,520,12,9,21,2,5,9,3,2,0,5,9,10,9,9,3,9,9,158
59,520,12,9,21,2,5,9,3,2,0,5,9,10,9,9,3,2,0,5
59,520,12,9,21,2,5,9,3,2,0,5,9,10,9,9,3,9,9,158
59,520,12,9,21,2,5,9,3,2,0,5,9,10,9,9,3,9,9,158
59,520,12,9,21,2,5,9,3,2,0,5,9,10,9,3,2,0,5,9
59,520,12,9,21,2,5,9,3,2,0,5,9,10,9,9,3,9,9,158
59,520,12,9,21,2,5,9,3,2,0,5,9,10,9,9,3,2,0,5
59,520,12,9,21,2,5,9,3,2,0,5,9,10,9,3,2,0,5,9
59,520,12,9,21,2,5,9,3,2,0,5,9,10,9,3,2,0,5,9
59,520,12,9,21,2,5,9,3,2,0,5,9,10,9,9,3,2,0,5
59,520,12,9,21,2,5,9,3,2,0,5,9,10,9,3,2,0,5,9
59,520,12,9,21,2,5,9,3,2,0,5,9,10,9,3,2,0,5,9
59,520,12,9,21,2,5,9,3,2,0,5,9,10,9,9,3,2,0,5
59,520,12,9,21,2,5,9,3,2,0,5,9,10,9,9,3,9,9,158
59,520,12,9,21,2,5,9,3,2,0,5,9,10,9,3,2,0,5,9
59,520,12,9,21,2,5,9,3,2,0,5,9,10,9,3,2,0,5,9
59,520,12,9,21,2,5,9,3,2,0,5,9,10,9,3,2,0,5,9
59,520,12,9,21,2,5,9,3,2,0,5,9,10,9,3,2,0,5,9
59,520,12,9,21,2,5,9,3,2,0,5,9,10,9,9,3,9,9,158
59,520,12,9,21,2,5,9,3,2,0,5,9,10,9,9,3,2,0,5
59,520,12,9,21,2,5,9,3,2,0,5,9,10,9,3,2,0,5,9
59,520,12,9,21,2,5,9,3,2,0,5,9,10,9,9,3,9,9,158
59,520,12,9,89,21,2,4,2,4,2,4,2,4,2,5,9,3,2,0
59,520,12,9,21,2,5,9,3,2,0,5,9,10,9,3,2,0,5,9
59,520,12,9,21,2,5,9,3,2,0,5,9,10,9,3,2,0,5,9
59,520,12,9,21,2,5,9,3,2,0,5,9,10,9,3,2,0,5,9
59,520,12,9,21,2,5,9,3,2,0,5,9,10,9,3,2,0,5,9
59,520,12,9,21,2,5,9,3,2,0,5,9,10,9,3,2,0,5,9
59,520,12,9,21,2,5,9,3,2,0,5,9,10,9,9,3,2,0,5
59,520,12,9,21,2,5,9,3,2,0,5,9,10,9,9,3,2,0,5
59,520,12,9,21,2,5,9,3,2,0,5,9,10,9,9,3,2,0,5
59,520,12,9,21,2,5,9,3,2,0,5,9,10,9,3,2,0,5,9
59,520,12,9,21,2,5,9,3,2,0,5,9,10,9,3,2,0,5,9
59,520,12,9,21,2,5,9,3,2,0,5,9,10,9,3,2,0,5,9
59,520,12,9,21,2,5,9,3,2,0,5,9,10,9,3,2,0,5,9
59,520,12,9,21,2,5,9,3,2,0,5,9,10,9,3,2,0,5,9
59,520,12,9,21,2,5,9,3,2,0,5,9,10,9,3,2,0,5,9
59,520,12,9,21,2,5,9,3,2,0,5,9,10,9,3,2,0,5,9
59,520,12,9,21,2,5,9,3,2,0,5,9,10,9,3,2,0,5,9
59,520,12,9,21,2,5,9,3,2,0,5,9,10,9,3,2,0,5,9
59,520,12,9,21,2,5,9,3,2,0,5,9,10,9,3,2,0,5,9
59,520,12,9,21,2,5,9,3,2,0,5,9,10,9,9,3,2,0,5
59,520,12,9,21,2,5,9,3,2,0,5,9,10,9,3,2,0,5,9
59,520,12,9,21,2,5,9,3,2,0,5,9,10,9,3,2,0,5,9
59,520,12,9,21,2,5,9,3,2,0,5,9,10,9,3,2,0,5,9
59,520,12,9,21,2,5,9,3,2,0,5,9,10,9,3,2,0,5,9
59,520,12,9,21,2,5,9,3,2,0,5,9,10,9,9,3,2,0,5
59,520,12,9,21,2,5,9,3,2,0,5,9,10,9,3,2,0,5,9
59,520,12,9,21,2,5,9,3,2,0,5,9,10,9,9,3,9,9,158
59,520,12,9,21,2,5,9,3,2,0,5,9,10,9,3,2,0,5,9
59,520,12,9,21,2,5,9,3,2,0,5,9,10,9,3,2,0,5,9
59,520,12,9,21,2,5,9,3,2,0,5,9,10,9,3,2,0,5,9
59,520,12,9,21,2,5,9,3,2,0,5,9,10,9,3,2,0,5,9
59,520,12,9,21,2,5,9,3,2,0,5,9,10,9,3,2,0,5,9
59,520,12,9,21,2,5,9,3,2,0,5,9,10,9,9,3,2,0,5
59,520,12,9,21,2,5,9,3,2,0,5,9,10,9,3,2,0,5,9
59,520,12,9,21,2,5,9,3,2,0,5,9,10,9,9,3,2,0,5
59,520,12,9,21,2,5,9,3,2,0,5,9,10,9,3,2,0,5,9
59,520,12,9,21,2,5,9,3,2,0,5,9,10,9,9,3,9,9,158
59,520,12,9,21,2,5,9,3,2,4,2,4,2,4,2,4,2,4,2
59,520,12,9,21,2,5,9,3,2,4,2,4,2,4,2,4,2,4,2
59,520,12,9,21,2,5,9,3,2,0,5,9,10,9,3,2,0,5,9
59,520,12,9,21,2,5,9,3,2,0,5,9,10,9,3,2,0,5,9
59,520,12,9,21,2,5,9,3,2,0,5,9,10,9,3,2,0,5,9
59,520,12,9,21,2,5,9,3,2,0,5,9,10,9,9,3,2,0,5
59,520,12,9,21,2,5,9,3,2,0,5,9,10,9,9,3,2,0,5
59,520,12,9,21,2,5,9,3,2,0,5,9,10,9,3,2,0,5,9
59,520,12,9,21,2,5,9,3,2,0,5,9,10,9,3,2,0,5,9
59,520,12,9,21,2,5,9,3,2,0,5,9,10,9,3,2,0,5,9
59,520,12,9,21,2,5,9,3,2,0,5,9,10,9,3,2,0,5,9
59,520,12,9,21,2,5,9,3,2,0,5,9,10,9,3,2,0,5,9
59,520,12,9,21,2,5,9,3,2,0,5,9,10,9,3,2,0,5,9
59,520,12,9,21,2,5,9,3,2,0,5,9,10,9,3,2,0,5,9
59,520,12,9,21,2,5,9,3,2,0,5,9,10,9,3,2,0,5,9
59,520,12,9,21,2,5,9,3,2,0,5,9,10,9,3,2,0,5,9
59,520,12,9,21,2,5,9,3,2,4,2,4,2,4,2,4,2,4,2
59,520,12,9,21,2,5,9,3,2,0,5,9,10,9,9,3,2,0,5
59,520,12,9,21,2,5,9,3,2,0,5,9,10,9,9,3,9,9,158
59,520,12,9,21,2,5,9,3,2,0,5,9,10,9,9,3,9,9,158
59,520,12,9,21,2,5,9,3,2,0,5,9,10,9,9,3,9,9,158
59,520,12,9,21,2,5,9,3,2,0,5,9,10,9,9,3,2,0,5
59,520,12,9,21,2,5,9,3,2,0,5,9,10,9,3,2,0,5,9
59,520,12,9,21,2,5,9,3,2,0,5,9,10,9,3,2,0,5,9
59,520,12,9,21,2,5,9,3,2,0,5,9,10,9,3,2,0,5,9
59,520,12,9,21,2,5,9,3,2,0,5,9,10,9,3,2,0,5,9
59,520,12,9,21,2,5,9,3,2,0,5,9,10,9,3,2,0,5,9
59,520,12,9,21,2,5,9,3,2,0,5,9,10,9,3,2,0,5,9
59,520,12,9,21,2,5,9,3,2,0,5,9,10,9,3,2,0,5,9
59,520,12,9,21,2,5,9,3,2,0,5,9,10,9,3,2,0,5,9
59,520,12,9,21,2,5,9,3,2,0,5,9,10,9,3,2,0,5,9
59,520,12,9,21,2,5,9,3,2,0,5,9,10,9,3,2,0,5,9
59,520,12,9,21,2,5,9,3,2,0,5,9,10,9,3,2,0,5,9
59,520,12,9,21,2,5,9,3,2,0,5,9,10,9,3,2,0,5,9
59,520,12,9,21,2,5,9,3,2,0,5,9,10,9,3,2,0,5,9
59,520,12,9,21,2,5,9,3,2,0,5,9,10,9,3,2,0,5,9
59,520,12,9,21,2,5,9,3,2,0,5,9,10,9,3,2,0,5,9
59,520,12,9,21,2,5,9,3,2,0,5,9,10,9,3,2,0,5,9
59,520,12,9,21,2,5,9,3,2,0,5,9,10,9,3,2,0,5,9
59,520,12,9,21,2,5,9,3,2,0,5,9,10,9,3,2,0,5,9
59,520,12,9,21,2,5,9,3,2,0,5,9,10,9,3,2,0,5,9
59,520,12,9,21,2,5,9,3,2,0,5,9,10,9,3,2,0,5,9
59,520,12,9,21,2,5,9,3,2,0,5,9,10,9,3,2,0,5,9
59,520,12,9,21,2,5,9,3,2,0,5,9,10,9,3,2,0,5,9
59,520,12,9,21,2,5,9,3,2,0,5,9,10,9,3,2,0,5,9
59,520,12,9,21,2,5,9,3,2,0,5,9,10,9,3,2,0,5,9
59,520,12,9,21,2,5,9,3,2,0,5,9,10,9,3,2,0,5,9
59,520,12,9,21,2,5,9,3,2,0,5,9,10,9,3,2,0,5,9
59,520,12,9,21,2,5,9,3,2,0,5,9,10,9,3,2,0,5,9
59,520,12,9,21,2,5,9,3,2,0,5,9,10,9,3,2,0,5,9
59,520,12,9,21,2,5,9,3,2,0,5,9,10,9,3,2,0,5,9
59,520,12,9,21,2,5,9,3,2,0,5,9,10,9,3,2,0,5,9
59,520,12,9,21,2,5,9,3,2,0,5,9,10,9,3,2,0,5,9
59,520,12,9,21,2,5,9,3,2,0,5,9,10,9,3,2,0,5,9
59,520,12,9,21,2,5,9,3,2,0,5,9,10,9,3,2,0,5,9
59,520,12,9,21,2,5,9,3,2,0,5,9,10,9,3,2,0,5,9
59,520,12,9,21,2,5,9,3,2,0,5,9,10,9,3,2,0,5,9
59,520,12,9,21,2,5,9,3,2,0,5,9,10,9,3,2,0,5,9
59,520,12,9,21,2,5,9,3,2,0,5,9,10,9,9,3,9,9,158
59,520,12,9,21,2,5,9,3,2,0,5,9,10,9,9,3,2,0,5
59,520,12,9,21,2,5,9,3,2,0,5,9,10,9,3,2,4,2,4
59,520,12,9,21,2,5,9,3,2,0,5,9,10,9,9,3,2,0,5
59,520,12,9,21,2,5,9,3,2,4,2,4,2,4,2,4,2,4,2
59,520,12,9,21,2,5,9,3,2,0,5,9,10,9,9,3,9,9,158
59,520,12,9,21,2,5,9,3,2,0,5,9,10,9,9,3,9,9,158
59,520,12,9,21,2,5,9,3,2,0,5,9,10,9,3,2,0,5,9
59,520,12,9,21,2,5,9,3,2,0,5,9,10,9,9,3,9,9,158
59,520,12,9,21,2,5,9,3,2,0,5,9,10,9,3,2,0,5,9
59,520,12,9,21,2,5,9,3,2,0,5,9,10,9,9,3,2,0,5
59,520,12,9,21,2,5,9,3,2,0,5,9,10,9,3,2,0,5,9
59,520,12,9,21,2,5,9,3,2,0,5,9,10,9,3,2,0,5,9
59,520,12,9,21,2,5,9,3,2,0,5,9,10,9,3,2,0,5,9
59,520,12,9,21,2,5,9,3,2,0,5,9,10,9,3,2,0,5,9
59,520,12,9,21,2,5,9,3,2,0,5,9,10,9,3,2,0,5,9
59,520,12,9,21,2,5,9,3,2,0,5,9,10,9,9,3,2,0,5
59,520,12,9,21,2,5,9,3,2,0,5,9,10,9,9,3,9,9,158
59,520,12,9,21,2,5,9,3,2,4,2,4,2,4,2,4,2,4,2
59,520,12,9,21,2,5,9,3,2,4,2,4,2,4,2,4,2,4,2
59,520,12,9,21,2,5,9,3,2,4,2,4,2,4,2,4,2,4,2
59,520,12,9,21,2,5,9,3,2,0,5,9,10,9,3,2,0,5,9
59,520,12,9,89,21,2,4,2,4,2,4,2,4,2,5,9,3,2,4
59,520,12,9,89,21,2,4,2,4,2,4,2,4,2,5,9,3,2,0
59,520,12,9,21,2,5,9,3,2,0,5,9,10,9,9,3,9,9,158
59,520,12,9,21,2,5,9,3,2,0,5,9,10,9,9,3,2,0,5
59,520,12,9,21,2,5,9,3,2,0,5,9,10,9,3,2,0,5,9
59,520,12,9,21,2,5,9,3,2,0,5,9,10,9,9,3,9,9,158
59,520,12,9,21,2,5,9,3,2,0,5,9,10,9,9,3,9,9,158
59,520,12,9,21,2,5,9,3,2,4,2,4,2,4,2,4,2,4,2
59,520,12,9,21,2,5,9,3,2,0,5,9,10,9,3,2,0,5,9
59,520,12,9,21,2,5,9,3,2,0,5,9,10,9,3,2,0,5,9
59,520,12,9,21,2,5,9,3,2,4,2,4,2,4,2,4,2,4,2
59,520,12,9,21,2,5,9,3,2,0,5,9,10,9,3,2,0,5,9
59,520,12,9,21,2,5,9,3,2,0,5,9,10,9,9,3,2,0,5
59,520,12,9,21,2,5,9,3,2,0,5,9,10,9,9,3,2,0,5
59,520,12,9,21,2,5,9,3,2,0,5,9,10,9,9,3,2,0,5
59,520,12,9,21,2,5,9,3,2,0,5,9,10,9,9,3,2,0,5
59,520,12,9,21,2,5,9,3,2,4,2,4,2,4,2,4,2,4,2
59,520,12,9,21,2,5,9,3,2,4,2,4,2,4,2,4,2,4,2
59,520,12,9,21,2,5,9,3,2,4,2,4,2,4,2,4,2,4,2
59,520,12,9,21,2,5,9,3,2,0,5,9,10,9,9,3,9,9,158
59,520,12,9,21,2,5,9,3,2,0,5,9,10,9,9,3,2,0,5
59,520,12,9,21,2,5,9,3,2,4,2,4,2,4,2,4,2,4,2
59,520,12,9,21,2,5,9,3,2,0,5,9,10,9,9,3,2,0,5
59,520,12,9,21,2,5,9,3,2,0,5,9,10,9,3,2,0,5,9
59,520,12,9,89,21,2,4,2,4,2,4,2,4,2,5,9,3,2,4
59,520,12,9,21,2,5,9,3,2,0,5,9,10,9,3,2,0,5,9
59,520,12,9,21,2,5,9,3,2,0,5,9,10,9,3,2,0,5,9
59,520,12,9,21,2,5,9,3,2,0,5,9,10,9,3,2,0,5,9
59,520,158,218,12,12,12,12,98,99,12,9,28,28,9,28,28,9,28,28
59,520,12,9,21,2,5,9,3,2,4,2,4,2,4,2,4,2,4,2
59,520,12,9,21,2,5,9,3,2,0,5,9,10,9,9,3,9,9,158
59,520,12,9,21,2,5,9,3,2,4,2,4,2,4,2,4,2,4,2
59,520,12,9,21,2,5,9,3,2,0,5,9,10,9,9,3,2,0,5
59,520,12,9,21,2,5,9,3,2,0,5,9,10,9,9,3,2,0,5
59,520,12,9,21,2,5,9,3,2,0,5,9,10,9,9,3,2,0,5
59,520,12,9,21,2,5,9,3,2,0,5,9,10,9,3,2,0,5,9
59,520,12,9,21,2,5,9,3,2,0,5,9,10,9,9,3,9,9,158
59,520,12,9,21,2,4,2,4,2,4,2,4,2,4,2,4,2,4,2
59,520,12,9,21,2,5,9,3,2,0,5,9,10,9,3,2,0,5,9
59,520,12,9,21,2,5,9,3,2,0,5,9,10,9,9,3,9,9,158
59,520,12,9,21,2,5,9,3,2,0,5,9,10,9,9,3,2,0,5
59,520,12,9,21,2,5,9,3,2,0,5,9,10,9,3,2,0,5,9
59,520,12,9,89,21,2,4,2,4,2,4,2,4,2,5,9,3,2,0
59,520,12,9,89,21,2,4,2,4,2,4,2,4,2,5,9,3,2,0
59,520,12,9,21,2,5,9,3,2,0,5,9,10,9,3,2,0,5,9
59,520,12,9,21,2,4,2,4,2,4,2,4,2,5,9,3,2,4,2
59,520,12,9,21,2,5,9,3,2,0,5,9,10,9,9,3,2,0,5
59,520,12,9,21,2,5,9,3,2,0,5,9,10,9,3,2,0,5,9
59,520,12,9,21,2,5,9,3,2,0,5,9,10,9,9,3,2,0,5
59,520,12,9,21,2,5,9,3,2,0,5,9,10,9,9,3,2,0,5
59,520,12,9,21,2,5,9,3,2,0,5,9,10,9,9,3,2,0,5
59,520,12,9,21,2,5,9,3,2,0,5,9,10,9,3,2,0,5,9
59,520,12,9,21,2,5,9,3,2,0,5,9,10,9,3,2,0,5,9
59,520,12,9,21,2,5,9,3,2,0,5,9,10,9,3,2,0,5,9
59,520,12,9,21,2,5,9,3,2,0,5,9,10,9,3,2,0,5,9
59,520,12,9,21,2,5,9,3,2,0,5,9,10,9,9,3,9,9,158
59,520,12,9,21,2,5,9,3,2,0,5,9,10,9,3,2,0,5,9
59,520,12,9,21,2,5,9,3,2,0,5,9,10,9,9,3,9,9,158
59,520,12,9,89,21,2,4,2,4,2,4,2,4,2,5,9,3,2,4
59,520,12,9,21,2,5,9,3,2,0,5,9,10,9,3,2,0,5,9
59,520,12,9,21,2,5,9,3,2,0,5,9,10,9,9,3,2,0,5
59,520,12,9,21,2,5,9,3,2,0,5,9,10,9,9,3,2,0,5
59,520,12,9,21,2,5,9,3,2,4,2,4,2,4,2,4,2,4,2
59,520,12,9,21,2,5,9,3,2,0,5,9,10,9,3,2,0,5,9
59,520,12,9,21,2,5,9,3,2,0,5,9,10,9,9,3,2,0,5
59,520,12,9,89,21,2,4,2,4,2,4,2,4,2,5,9,3,2,4
59,520,12,9,21,2,5,9,3,2,0,5,9,10,9,9,3,2,0,5
59,520,12,9,21,2,5,9,3,2,0,5,9,10,9,9,3,2,0,5
59,520,12,9,21,2,5,9,3,2,0,5,9,10,9,9,3,2,0,5
59,520,12,9,21,2,5,9,3,2,0,5,9,10,9,9,3,2,0,5
59,520,12,9,21,2,5,9,3,2,0,5,9,10,9,9,3,9,9,158
59,520,12,9,21,2,4,2,4,2,4,2,0,5,9,10,9,3,2,2
59,520,12,9,21,2,5,9,3,2,0,5,9,10,9,3,2,0,5,9
59,520,12,9,21,2,5,9,3,2,0,5,9,10,9,3,2,0,5,9
59,520,12,9,21,2,5,9,3,2,0,5,9,10,9,3,2,0,5,9
59,520,12,9,21,2,5,9,3,2,0,5,9,10,9,9,3,2,0,5
59,520,12,9,89,21,2,4,2,4,2,4,2,4,2,5,9,3,2,0
59,520,12,9,89,21,2,4,2,4,2,4,2,4,2,5,9,3,2,4
59,520,12,9,21,2,5,9,3,2,0,5,9,10,9,9,3,2,0,5
59,520,12,9,21,2,5,9,3,2,0,5,9,10,9,3,2,0,5,9
59,520,12,9,21,2,5,9,3,2,0,5,9,10,9,3,2,0,5,9
59,520,12,9,21,2,5,9,3,2,0,5,9,10,9,3,2,0,5,9
59,520,12,9,21,2,5,9,3,2,0,5,9,10,9,3,2,0,5,9
59,520,12,9,21,2,5,9,3,2,0,5,9,10,9,3,2,0,5,9
59,520,12,9,21,2,5,9,3,2,0,5,9,10,9,3,2,0,5,9
59,520,12,9,21,2,5,9,3,2,0,5,9,10,9,3,2,0,5,9
59,520,12,9,21,2,5,9,3,2,0,5,9,10,9,3,2,0,5,9
59,520,12,9,21,2,5,9,3,2,0,5,9,10,9,3,2,0,5,9
59,520,12,9,21,2,5,9,3,2,0,5,9,10,9,3,2,0,5,9
59,520,12,9,21,2,5,9,3,2,0,5,9,10,9,3,2,0,5,9
59,520,12,9,21,2,5,9,3,2,0,5,9,10,9,3,2,0,5,9
59,520,12,9,21,2,5,9,3,2,0,5,9,10,9,9,3,9,9,158
59,520,12,9,21,2,5,9,3,2,0,5,9,10,9,3,2,0,5,9
59,520,12,9,89,21,2,4,2,4,2,4,2,4,2,5,9,3,2,4
59,520,12,9,21,2,5,9,3,2,0,5,9,10,9,9,3,2,0,5
59,520,12,9,21,2,5,9,3,2,0,5,9,10,9,9,3,2,0,5
59,520,12,9,21,2,5,9,3,2,0,5,9,10,9,9,3,2,0,5
59,520,12,9,21,2,5,9,3,2,0,5,9,10,9,9,3,9,9,158
59,520,12,9,21,2,5,9,3,2,0,5,9,10,9,9,3,9,9,158
59,520,12,9,21,2,5,9,3,2,0,5,9,10,9,9,3,9,9,158
59,520,12,9,21,2,5,9,3,2,0,5,9,10,9,9,3,9,9,158
59,520,12,9,21,2,5,9,3,2,0,5,9,10,9,9,3,9,9,158
59,520,12,9,21,2,5,9,3,2,0,5,9,10,9,9,3,9,9,158
59,520,12,9,21,2,5,9,3,2,0,5,9,10,9,9,3,9,9,158
59,520,12,9,21,2,5,9,3,2,0,5,9,10,9,9,3,9,9,158
59,520,12,9,21,2,5,9,3,2,4,2,4,2,4,2,4,2,4,2
59,520,12,9,21,2,5,9,3,2,0,5,9,10,9,3,2,0,5,9
59,520,12,9,21,2,5,9,3,2,0,5,9,10,9,9,3,2,0,5
59,520,12,9,21,2,5,9,3,2,0,5,9,10,9,9,3,2,0,5
59,520,12,9,21,2,5,9,3,2,0,5,9,10,9,9,3,2,0,5
59,520,12,9,21,2,5,9,3,2,0,5,9,10,9,9,3,9,9,158
59,520,12,9,21,2,5,9,3,2,0,5,9,10,9,3,2,0,5,9
59,520,12,9,21,2,5,9,3,2,0,5,9,10,9,3,2,0,5,9
59,520,12,9,21,2,5,9,3,2,0,5,9,10,9,3,2,0,5,9
59,520,12,9,21,2,5,9,3,2,0,5,9,10,9,3,2,0,5,9
59,520,12,9,21,2,5,9,3,2,0,5,9,10,9,3,2,0,5,9
59,520,12,9,21,2,5,9,3,2,0,5,9,10,9,3,2,0,5,9
59,520,12,9,21,2,5,9,3,2,0,5,9,10,9,3,2,0,5,9
59,520,12,9,21,2,5,9,3,2,0,5,9,10,9,3,2,0,5,9
59,520,12,9,21,2,5,9,3,2,0,5,9,10,9,3,2,0,5,9
59,520,12,9,21,2,5,9,3,2,0,5,9,10,9,9,3,2,0,5
59,520,12,9,21,2,5,9,3,2,0,5,9,10,9,9,3,2,0,5
59,520,12,9,21,2,5,9,3,2,0,5,9,10,9,9,3,2,0,5
59,520,12,9,21,2,5,9,3,2,0,5,9,10,9,9,3,9,9,158
59,520,12,9,21,2,5,9,3,2,0,5,9,10,9,9,3,2,0,5
59,520,12,9,21,2,5,9,3,2,0,5,9,10,9,3,2,0,5,9
59,520,12,9,21,2,5,9,3,2,0,5,9,10,9,3,2,0,5,9
59,520,12,9,21,2,5,9,3,2,0,5,9,10,9,9,3,2,0,5
59,520,12,9,21,2,5,9,3,2,0,5,9,10,9,9,3,2,0,5
59,520,12,9,21,2,5,9,3,2,0,5,9,10,9,3,2,0,5,9
59,520,12,9,21,2,5,9,3,2,0,5,9,10,9,3,2,0,5,9
59,520,12,9,21,2,5,9,3,2,0,5,9,10,9,9,3,2,0,5
59,520,12,9,21,2,5,9,3,2,0,5,9,10,9,3,2,0,5,9
59,520,12,9,89,21,2,4,2,4,2,4,2,4,2,5,9,3,2,0
59,520,12,9,21,2,5,9,3,2,0,5,9,10,9,9,3,2,0,5
59,520,12,9,21,2,5,9,3,2,0,5,9,10,9,3,2,0,5,9
59,520,12,9,89,21,2,4,2,4,2,4,2,4,2,5,9,3,2,4
59,520,12,9,89,21,2,4,2,4,2,4,2,4,2,5,9,3,2,4
59,520,12,9,89,21,2,4,2,4,2,4,2,4,2,5,9,3,2,4
59,520,12,9,89,21,2,4,2,4,2,4,2,4,2,5,9,3,2,4
59,520,12,9,89,21,2,4,2,4,2,4,2,4,2,5,9,3,2,4
59,520,12,9,89,21,2,4,2,4,2,4,2,4,2,5,9,3,2,4
59,520,12,9,21,2,5,9,3,2,0,5,9,10,9,3,2,0,5,9
59,520,12,9,21,2,5,9,3,2,0,5,9,10,9,3,2,0,5,9
59,520,12,9,21,2,5,9,3,2,0,5,9,10,9,3,2,0,5,9
59,520,12,9,21,2,5,9,3,2,0,5,9,10,9,3,2,0,5,9
59,520,12,9,21,2,5,9,3,2,0,5,9,10,9,3,2,0,5,9
59,520,12,9,21,2,5,9,3,2,0,5,9,10,9,3,2,0,5,9
59,520,12,9,21,2,5,9,3,2,0,5,9,10,9,3,2,0,5,9
59,520,12,9,21,2,5,9,3,2,0,5,9,10,9,3,2,0,5,9
59,520,12,9,21,2,5,9,3,2,0,5,9,10,9,3,2,0,5,9
59,520,12,9,21,2,5,9,3,2,0,5,9,10,9,3,2,0,5,9
59,520,12,9,21,2,5,9,3,2,0,5,9,10,9,3,2,0,5,9
59,520,12,9,21,2,5,9,3,2,0,5,9,10,9,3,2,0,5,9
59,520,12,9,21,2,5,9,3,2,0,5,9,10,9,3,2,0,5,9
59,520,12,9,21,2,5,9,3,2,0,5,9,10,9,3,2,0,5,9
59,520,12,9,21,2,5,9,3,2,0,5,9,10,9,3,2,0,5,9
59,520,12,9,21,2,5,9,3,2,0,5,9,10,9,3,2,0,5,9
59,520,12,9,21,2,5,9,3,2,0,5,9,10,9,3,2,0,5,9
59,520,12,9,21,2,5,9,3,2,0,5,9,10,9,3,2,0,5,9
59,520,12,9,21,2,5,9,3,2,0,5,9,10,9,3,2,0,5,9
59,520,12,9,21,2,5,9,3,2,0,5,9,10,9,3,2,0,5,9
59,520,12,9,21,2,5,9,3,2,0,5,9,10,9,3,2,0,5,9
59,520,12,9,21,2,5,9,3,2,0,5,9,10,9,3,2,0,5,9
59,520,12,9,21,2,5,9,3,2,0,5,9,10,9,3,2,0,5,9
59,520,12,9,21,2,5,9,3,2,0,5,9,10,9,3,2,0,5,9
59,520,12,9,21,2,5,9,3,2,0,5,9,10,9,3,2,0,5,9
59,520,12,9,21,2,5,9,3,2,0,5,9,10,9,3,2,0,5,9
59,520,12,9,21,2,5,9,3,2,0,5,9,10,9,3,2,0,5,9
59,520,12,9,21,2,5,9,3,2,0,5,9,10,9,3,2,0,5,9
59,520,12,9,21,2,5,9,3,2,0,5,9,10,9,3,2,0,5,9
59,520,12,9,21,2,5,9,3,2,0,5,9,10,9,3,2,0,5,9
59,520,12,9,21,2,5,9,3,2,0,5,9,10,9,3,2,0,5,9
59,520,12,9,21,2,5,9,3,2,0,5,9,10,9,3,2,0,5,9
59,520,12,9,21,2,5,9,3,2,0,5,9,10,9,3,2,0,5,9
59,520,12,9,21,2,5,9,3,2,0,5,9,10,9,3,2,0,5,9
59,520,12,9,21,2,5,9,3,2,0,5,9,10,9,3,2,0,5,9
59,520,12,9,21,2,5,9,3,2,0,5,9,10,9,3,2,0,5,9
59,520,12,9,21,2,5,9,3,2,0,5,9,10,9,3,2,0,5,9
59,520,12,9,21,2,5,9,3,2,0,5,9,10,9,3,2,0,5,9
59,520,12,9,21,2,5,9,3,2,0,5,9,10,9,3,2,0,5,9
59,520,12,9,21,2,5,9,3,2,0,5,9,10,9,3,2,0,5,9
59,520,12,9,21,2,5,9,3,2,0,5,9,10,9,3,2,0,5,9
59,520,12,9,21,2,5,9,3,2,0,5,9,10,9,3,2,0,5,9
59,520,12,9,21,2,5,9,3,2,0,5,9,10,9,3,2,0,5,9
59,520,12,9,21,2,5,9,3,2,0,5,9,10,9,3,2,0,5,9
59,520,12,9,21,2,5,9,3,2,0,5,9,10,9,3,2,0,5,9
59,520,12,9,21,2,5,9,3,2,0,5,9,10,9,3,2,0,5,9
59,520,12,9,21,2,5,9,3,2,0,5,9,10,9,3,2,0,5,9
59,520,12,9,21,2,5,9,3,2,0,5,9,10,9,3,2,0,5,9
59,520,12,9,21,2,5,9,3,2,0,5,9,10,9,3,2,0,5,9
59,520,12,9,21,2,5,9,3,2,0,5,9,10,9,3,2,0,5,9
59,520,12,9,21,2,5,9,3,2,0,5,9,10,9,3,2,0,5,9
59,520,12,9,21,2,5,9,3,2,0,5,9,10,9,3,2,0,5,9
59,520,12,9,21,2,5,9,3,2,0,5,9,10,9,3,2,0,5,9
59,520,12,9,21,2,5,9,3,2,0,5,9,10,9,3,2,0,5,9
59,520,12,9,89,21,2,4,2,4,2,4,2,4,2,5,9,3,2,4
59,520,12,9,89,21,2,4,2,4,2,4,2,4,2,5,9,3,2,4
59,520,12,9,89,21,2,4,2,4,2,4,2,4,2,5,9,3,2,4
59,520,12,9,89,21,2,4,2,4,2,4,2,4,2,5,9,3,2,4
59,520,12,9,89,21,2,4,2,4,2,4,2,4,2,5,9,3,2,0
59,520,12,9,89,21,2,4,2,4,2,4,2,4,2,5,9,3,2,4
59,520,12,9,89,21,2,4,2,4,2,4,2,4,2,5,9,3,2,4
59,520,12,9,89,21,2,4,2,4,2,4,2,4,2,5,9,3,2,4
59,520,12,9,89,21,2,4,2,4,2,4,2,4,2,5,9,3,2,4
59,520,12,9,89,21,2,4,2,4,2,4,2,4,2,5,9,3,2,4
59,520,12,9,89,21,2,4,2,4,2,4,2,4,2,5,9,3,2,4
59,520,12,9,89,21,2,4,2,4,2,4,2,4,2,5,9,3,2,4
59,520,12,9,89,21,2,4,2,4,2,4,2,4,2,5,9,3,2,4
59,520,12,9,89,21,2,4,2,4,2,4,2,4,2,5,9,3,2,4
59,520,12,9,89,21,2,4,2,4,2,4,2,4,2,5,9,3,2,4
59,520,12,9,89,21,2,4,2,4,2,4,2,4,2,5,9,3,2,4
59,520,12,9,89,21,2,4,2,4,2,4,2,4,2,5,9,3,2,4
59,520,12,9,89,21,2,4,2,4,2,4,2,4,2,5,9,3,2,4
59,520,12,9,89,21,2,4,2,4,2,4,2,4,2,5,9,3,2,4
59,520,12,9,89,21,2,4,2,4,2,4,2,4,2,5,9,3,2,4
59,520,12,9,21,2,5,9,3,2,0,5,9,10,9,3,2,0,5,9
59,520,12,9,21,2,5,9,3,2,0,5,9,10,9,9,3,9,9,158
59,520,12,9,21,2,5,9,3,2,0,5,9,10,9,9,3,9,9,158
59,520,12,9,21,2,5,9,3,2,0,5,9,10,9,9,3,9,9,158
59,520,12,9,21,2,5,9,3,2,0,5,9,10,9,9,3,9,9,158
59,520,12,9,21,2,5,9,3,2,0,5,9,10,9,9,3,9,9,158
59,520,12,9,21,2,5,9,3,2,0,5,9,10,9,9,3,9,9,158
59,520,12,9,89,21,2,4,2,4,2,4,2,4,2,5,9,3,2,0
59,520,12,9,21,2,5,9,3,2,0,5,9,10,9,9,3,9,9,158
59,520,12,9,21,2,5,9,3,2,0,5,9,10,9,9,3,9,9,158
59,520,12,9,21,2,5,9,3,2,4,2,4,2,4,2,4,2,4,2
59,520,12,9,89,21,2,4,2,4,2,4,2,4,2,5,9,3,2,4
59,520,12,9,21,2,5,9,3,2,0,5,9,10,9,9,3,9,9,158
59,520,12,9,89,21,2,4,2,4,2,4,2,4,2,5,9,3,2,0
59,520,12,9,21,2,5,9,3,2,0,5,9,10,9,3,2,0,5,9
59,520,12,9,21,2,5,9,3,2,0,5,9,10,9,3,2,0,5,9
59,520,12,9,21,2,5,9,3,2,0,5,9,10,9,3,2,0,5,9
59,520,12,9,21,2,5,9,3,2,0,5,9,10,9,3,2,0,5,9
59,520,12,9,21,2,5,9,3,2,0,5,9,10,9,9,3,9,9,158
59,520,12,9,21,2,5,9,3,2,0,5,9,10,9,9,3,9,9,158
59,520,12,9,89,21,2,4,2,4,2,4,2,4,2,5,9,3,2,0
59,520,12,9,21,2,5,9,3,2,0,5,9,10,9,3,2,0,5,9
59,520,12,9,21,2,5,9,3,2,0,5,9,10,9,3,2,0,5,9
59,520,12,9,21,2,5,9,3,2,0,5,9,10,9,9,3,9,9,158
59,520,12,9,21,2,5,9,3,2,0,5,9,10,9,3,2,0,5,9
59,520,12,9,21,2,5,9,3,2,0,5,9,10,9,9,3,9,9,158
59,520,12,9,21,2,5,9,3,2,0,5,9,10,9,3,2,0,5,9
59,520,12,9,21,2,5,9,3,2,0,5,9,10,9,9,3,9,9,158
59,520,12,9,21,2,5,9,3,2,0,5,9,10,9,3,2,0,5,9
59,520,12,9,21,2,5,9,3,2,0,5,9,10,9,9,3,2,0,5
59,520,12,9,21,2,5,9,3,2,0,5,9,10,9,9,3,9,9,158
59,520,12,9,21,2,5,9,3,2,0,5,9,10,9,3,2,0,5,9
59,520,12,9,21,2,5,9,3,2,0,5,9,10,9,9,3,9,9,158
59,520,12,9,21,2,5,9,3,2,0,5,9,10,9,9,3,9,9,158
59,520,12,9,89,21,2,4,2,4,2,4,2,4,2,5,9,3,2,4
59,520,12,9,21,2,5,9,3,2,0,5,9,10,9,9,3,2,0,5
59,520,12,9,21,2,5,9,3,2,0,5,9,10,9,9,3,2,0,5
59,520,12,9,21,2,5,9,3,2,0,5,9,10,9,9,3,2,0,5
59,520,12,9,21,2,5,9,3,2,0,5,9,10,9,9,3,2,0,5
59,520,12,9,21,2,5,9,3,2,0,5,9,10,9,9,3,2,0,5
59,520,12,9,21,2,5,9,3,2,0,5,9,10,9,9,3,2,0,5
59,520,12,9,21,2,5,9,3,2,4,2,4,2,4,2,4,2,4,2
59,520,12,9,21,2,5,9,3,2,4,2,4,2,4,2,4,2,4,2
59,520,12,9,21,2,5,9,3,2,4,2,4,2,4,2,4,2,4,2
59,520,12,9,21,2,5,9,3,2,4,2,4,2,4,2,4,2,4,2
59,520,12,9,21,2,5,9,3,2,4,2,4,2,4,2,4,2,4,2
59,520,12,9,21,2,5,9,3,2,0,5,9,10,9,9,3,2,0,5
59,520,12,9,21,2,5,9,3,2,0,5,9,10,9,9,3,2,0,5
59,520,12,9,21,2,5,9,3,2,0,5,9,10,9,9,3,9,9,158
59,520,12,9,21,2,5,9,3,2,0,5,9,10,9,3,2,0,5,9
59,520,12,9,21,2,5,9,3,2,0,5,9,10,9,3,2,0,5,9
59,520,12,9,21,2,5,9,3,2,0,5,9,10,9,3,2,0,5,9
59,520,12,9,21,2,5,9,3,2,0,5,9,10,9,9,3,9,9,158
59,520,12,9,21,2,5,9,3,2,0,5,9,10,9,9,3,9,9,158
59,520,12,9,21,2,5,9,3,2,0,5,9,10,9,9,3,2,0,5
59,520,12,9,21,2,5,9,3,2,0,5,9,10,9,9,3,9,9,158
59,520,12,9,21,2,5,9,3,2,0,5,9,10,9,3,2,0,5,9
59,520,12,9,21,2,5,9,3,2,0,5,9,10,9,3,2,0,5,9
59,520,12,9,21,2,5,9,3,2,0,5,9,10,9,9,3,9,9,158
59,520,12,9,21,2,5,9,3,2,0,5,9,10,9,3,2,0,5,9
59,520,12,9,21,2,5,9,3,2,0,5,9,10,9,9,3,9,9,158
59,520,12,9,21,2,5,9,3,2,0,5,9,10,9,3,2,0,5,9
59,520,12,9,21,2,5,9,3,2,0,5,9,10,9,3,2,0,5,9
59,520,12,9,21,2,5,9,3,2,4,2,4,2,4,2,4,2,4,2
59,520,12,9,21,2,5,9,3,2,0,5,9,10,9,9,3,9,9,158
59,520,12,9,21,2,5,9,3,2,0,5,9,10,9,9,3,9,9,158
59,520,12,9,21,2,5,9,3,2,4,2,4,2,4,2,4,2,4,2
59,520,12,9,21,2,5,9,3,2,0,5,9,10,9,9,3,2,0,5
59,520,12,9,21,2,5,9,3,2,0,5,9,10,9,9,3,2,0,5
59,520,12,9,21,2,5,9,3,2,0,5,9,10,9,9,3,2,0,5
59,520,12,9,21,2,5,9,3,2,0,5,9,10,9,9,3,2,0,5
59,520,12,9,21,2,5,9,3,2,0,5,9,10,9,9,3,2,0,5
59,520,12,9,21,2,5,9,3,2,0,5,9,10,9,3,2,0,5,9
59,520,12,9,21,2,5,9,3,2,0,5,9,10,9,9,3,2,0,5
59,520,12,9,21,2,5,9,3,2,0,5,9,10,9,9,3,2,0,5
59,520,12,9,21,2,5,9,3,2,0,5,9,10,9,9,3,2,0,5
59,520,12,9,21,2,5,9,3,2,0,5,9,10,9,3,2,0,5,9
59,520,12,9,21,2,5,9,3,2,0,5,9,10,9,3,2,0,5,9
59,520,12,9,21,2,5,9,3,2,0,5,9,10,9,3,2,0,5,9
59,520,12,9,21,2,5,9,3,2,0,5,9,10,9,9,3,9,9,158
59,520,12,9,21,2,5,9,3,2,0,5,9,10,9,3,2,0,5,9
59,520,12,9,21,2,5,9,3,2,0,5,9,10,9,3,2,0,5,9
59,520,12,9,21,2,5,9,3,2,0,5,9,10,9,9,3,2,0,5
59,520,12,9,21,2,5,9,3,2,0,5,9,10,9,3,2,0,5,9
59,520,12,9,21,2,5,9,3,2,0,5,9,10,9,9,3,2,0,5
59,520,12,9,21,2,5,9,3,2,0,5,9,10,9,3,2,0,5,9
59,520,12,9,21,2,5,9,3,2,0,5,9,10,9,3,2,0,5,9
59,520,12,9,21,2,5,9,3,2,0,5,9,10,9,9,3,2,0,5
59,520,12,9,21,2,5,9,3,2,0,5,9,10,9,9,3,2,0,5
59,520,12,9,21,2,5,9,3,2,0,5,9,10,9,9,3,2,0,5
59,520,12,9,21,2,5,9,3,2,0,5,9,10,9,3,2,0,5,9
59,520,12,9,21,2,4,2,4,2,4,2,0,5,9,10,9,9,3,2
59,520,12,9,21,2,4,2,4,2,4,2,0,5,9,10,9,9,3,2
59,520,12,9,21,2,5,9,3,2,4,2,4,2,4,2,4,2,4,2
59,520,12,9,89,21,2,4,2,4,2,4,2,4,2,5,9,3,2,0
59,520,12,9,21,2,5,9,3,2,0,5,9,10,9,9,3,2,0,5
59,520,12,9,21,2,5,9,3,2,0,5,9,10,9,9,3,9,9,158
59,520,12,9,21,2,5,9,3,2,0,5,9,10,9,3,2,0,5,9
59,520,12,9,21,2,5,9,3,2,0,5,9,10,9,9,3,9,9,158
59,520,12,9,21,2,5,9,3,2,0,5,9,10,9,9,3,2,0,5
59,520,12,9,21,2,5,9,3,2,0,5,9,10,9,9,3,9,9,158
59,520,12,9,21,2,5,9,3,2,0,5,9,10,9,9,3,9,9,158
59,520,12,9,21,2,5,9,3,2,0,5,9,10,9,9,3,2,0,5
59,520,12,9,21,2,5,9,3,2,0,5,9,10,9,9,3,2,0,5
59,520,12,9,21,2,5,9,3,2,0,5,9,10,9,9,3,2,0,5
59,520,12,9,21,2,5,9,3,2,0,5,9,10,9,9,3,2,0,5
59,520,12,9,21,2,5,9,3,2,0,5,9,10,9,9,3,2,0,5
59,520,12,9,21,2,5,9,3,2,0,5,9,10,9,9,3,2,0,5
59,520,12,9,21,2,5,9,3,2,0,5,9,10,9,9,3,2,0,5
59,520,12,9,21,2,5,9,3,2,0,5,9,10,9,9,3,2,0,5
59,520,12,9,21,2,5,9,3,2,0,5,9,10,9,9,3,2,0,5
59,520,12,9,21,2,5,9,3,2,0,5,9,10,9,9,3,2,0,5
59,520,12,9,21,2,5,9,3,2,0,5,9,10,9,9,3,2,0,5
59,520,12,9,21,2,5,9,3,2,0,5,9,10,9,9,3,2,0,5
59,520,12,9,21,2,5,9,3,2,0,5,9,10,9,9,3,2,0,5
59,520,12,9,21,2,5,9,3,2,0,5,9,10,9,9,3,2,0,5
59,520,12,9,21,2,5,9,3,2,0,5,9,10,9,3,2,0,5,9
59,520,12,9,21,2,5,9,3,2,0,5,9,10,9,9,3,9,9,158
59,520,12,9,21,2,5,9,3,2,0,5,9,10,9,3,2,0,5,9
59,520,12,9,21,2,5,9,3,2,0,5,9,10,9,9,3,9,9,158
59,520,12,9,21,2,5,9,3,2,0,5,9,10,9,9,3,2,0,5
59,520,12,9,21,2,5,9,3,2,0,5,9,10,9,9,3,9,9,158
59,520,12,9,21,2,5,9,3,2,0,5,9,10,9,3,2,0,5,9
59,520,12,9,21,2,5,9,3,2,0,5,9,10,9,9,3,2,0,5
59,520,12,9,21,2,5,9,3,2,0,5,9,10,9,3,2,0,5,9
59,520,12,9,21,2,5,9,3,2,0,5,9,10,9,9,3,2,0,5
59,520,12,9,21,2,5,9,3,2,0,5,9,10,9,9,3,9,9,158
59,520,12,9,21,2,5,9,3,2,0,5,9,10,9,9,3,9,9,158
59,520,12,9,21,2,5,9,3,2,0,5,9,10,9,9,3,9,9,158
59,520,12,9,21,2,5,9,3,2,0,5,9,10,9,9,3,9,9,158
59,520,12,9,21,2,5,9,3,2,0,5,9,10,9,3,2,0,5,9
59,520,12,9,21,2,5,9,3,2,0,5,9,10,9,3,2,0,5,9
59,520,12,9,21,2,5,9,3,2,0,5,9,10,9,9,3,9,9,158
59,520,12,9,21,2,5,9,3,2,0,5,9,10,9,9,3,2,0,5
59,520,12,9,21,2,5,9,3,2,0,5,9,10,9,9,3,9,9,158
59,520,12,9,21,2,5,9,3,2,0,5,9,10,9,3,2,0,5,9
59,520,12,9,21,2,5,9,3,2,0,5,9,10,9,3,2,0,5,9
59,520,12,9,21,2,5,9,3,2,0,5,9,10,9,9,3,9,9,158
59,520,12,9,21,2,5,9,3,2,4,2,4,2,4,2,4,2,4,2
59,520,12,9,21,2,5,9,3,2,0,5,9,10,9,9,3,9,9,158
59,520,12,9,21,2,5,9,3,2,0,5,9,10,9,9,3,2,0,5
59,520,12,9,21,2,5,9,3,2,0,5,9,10,9,9,3,2,0,5
59,520,12,9,21,2,5,9,3,2,0,5,9,10,9,9,3,2,0,5
59,520,12,9,21,2,5,9,3,2,0,5,9,10,9,9,3,2,0,5
59,520,12,9,21,2,5,9,3,2,0,5,9,10,9,9,3,2,0,5
59,520,12,9,21,2,5,9,3,2,0,5,9,10,9,9,3,2,0,5
59,520,12,9,21,2,5,9,3,2,0,5,9,10,9,9,3,2,0,5
59,520,12,9,21,2,5,9,3,2,0,5,9,10,9,9,3,2,0,5
59,520,12,9,21,2,5,9,3,2,0,5,9,10,9,9,3,2,0,5
59,520,12,9,21,2,5,9,3,2,0,5,9,10,9,9,3,9,9,158
59,520,12,9,21,2,5,9,3,2,0,5,9,10,9,9,3,9,9,158
59,520,12,9,21,2,5,9,3,2,4,2,4,2,4,2,4,2,4,2
59,520,12,9,21,2,5,9,3,2,0,5,9,10,9,9,3,9,9,158
59,520,12,9,21,2,5,9,3,2,0,5,9,10,9,9,3,9,9,158
59,520,12,9,21,2,5,9,3,2,0,5,9,10,9,9,3,9,9,158
59,520,12,9,21,2,5,9,3,2,0,5,9,10,9,3,2,0,5,9
59,520,12,9,21,2,5,9,3,2,0,5,9,10,9,3,2,0,5,9
59,520,12,9,21,2,5,9,3,2,0,5,9,10,9,3,2,0,5,9
59,520,12,9,21,2,5,9,3,2,0,5,9,10,9,3,2,0,5,9
59,520,12,9,21,2,5,9,3,2,0,5,9,10,9,3,2,0,5,9
59,520,12,9,21,2,5,9,3,2,0,5,9,10,9,3,2,0,5,9
59,520,12,9,89,21,2,4,2,4,2,4,2,4,2,5,9,3,2,0
59,520,12,9,21,2,5,9,3,2,4,2,4,2,4,2,4,2,4,2
59,520,12,9,21,2,5,9,3,2,0,5,9,10,9,9,3,2,0,5
59,520,12,9,21,2,5,9,3,2,0,5,9,10,9,9,3,2,0,5
59,520,12,9,21,2,5,9,3,2,0,5,9,10,9,9,3,9,9,158
59,520,12,9,89,21,2,4,2,4,2,4,2,4,2,5,9,3,2,4
59,520,63,12,12,158,12,12,2,5,9,3,2,5,9,0,0,3,11,2
59,520,12,9,21,2,5,9,3,2,0,5,9,10,9,3,2,0,5,9
59,520,12,9,21,2,5,9,3,2,0,5,9,10,9,3,2,4,2,4
59,520,12,9,21,2,5,9,3,2,0,5,9,10,9,3,2,0,5,9
59,520,12,9,21,2,5,9,3,2,0,5,9,10,9,3,2,0,5,9
59,520,12,9,21,2,5,9,3,2,0,5,9,10,9,9,3,2,0,5
59,520,12,9,21,2,5,9,3,2,0,5,9,10,9,9,3,2,0,5
59,520,12,9,21,2,5,9,3,2,0,5,9,10,9,9,3,2,0,5
59,520,12,9,21,2,5,9,3,2,0,5,9,10,9,9,3,2,0,5
59,520,12,9,21,2,5,9,3,2,0,5,9,10,9,3,2,0,5,9
59,520,12,9,21,2,5,9,3,2,0,5,9,10,9,9,3,9,9,158
59,520,12,9,21,2,5,9,3,2,0,5,9,10,9,3,2,0,5,9
59,520,12,9,21,2,5,9,3,2,0,5,9,10,9,3,2,0,5,9
59,520,12,9,21,2,5,9,3,2,0,5,9,10,9,3,2,0,5,9
59,520,12,9,21,2,5,9,3,2,0,5,9,10,9,3,2,0,5,9
59,520,12,9,21,2,5,9,3,2,0,5,9,10,9,3,2,0,5,9
59,520,12,9,21,2,5,9,3,2,0,5,9,10,9,3,2,0,5,9
59,520,12,9,21,2,5,9,3,2,0,5,9,10,9,3,2,0,5,9
59,520,12,9,21,2,5,9,3,2,0,5,9,10,9,3,2,0,5,9
59,520,12,9,21,2,5,9,3,2,0,5,9,10,9,3,2,0,5,9
59,520,12,9,21,2,5,9,3,2,0,5,9,10,9,3,2,0,5,9
59,520,12,9,21,2,5,9,3,2,0,5,9,10,9,3,2,0,5,9
59,520,12,9,21,2,5,9,3,2,0,5,9,10,9,3,2,0,5,9
59,520,12,9,21,2,5,9,3,2,0,5,9,10,9,9,3,2,0,5
59,520,12,9,21,2,5,9,3,2,0,5,9,10,9,9,3,9,9,158
59,520,12,9,21,2,5,9,3,2,0,5,9,10,9,3,2,0,5,9
59,520,12,9,21,2,5,9,3,2,0,5,9,10,9,3,2,0,5,9
59,520,12,9,21,2,5,9,3,2,0,5,9,10,9,3,2,0,5,9
59,520,12,9,21,2,5,9,3,2,0,5,9,10,9,9,3,2,0,5
59,520,12,9,21,2,5,9,3,2,0,5,9,10,9,3,2,0,5,9
59,520,12,9,21,2,5,9,3,2,0,5,9,10,9,9,3,9,9,158
59,520,12,9,21,2,5,9,3,2,0,5,9,10,9,9,3,2,0,5
59,520,12,9,21,2,5,9,3,2,0,5,9,10,9,3,2,0,5,9
59,520,12,9,21,2,5,9,3,2,0,5,9,10,9,3,2,0,5,9
59,520,12,9,21,2,5,9,3,2,0,5,9,10,9,9,3,2,0,5
59,520,12,9,21,2,5,9,3,2,0,5,9,10,9,9,3,9,9,158
59,520,12,9,21,2,5,9,3,2,0,5,9,10,9,3,2,0,5,9
59,520,12,9,21,2,5,9,3,2,0,5,9,10,9,3,2,0,5,9
59,520,12,9,21,2,5,9,3,2,4,2,4,2,4,2,4,2,4,2
59,520,12,9,21,2,5,9,3,2,4,2,4,2,4,2,4,2,4,2
59,520,12,9,21,2,5,9,3,2,0,5,9,10,9,9,3,9,9,158
59,520,12,9,21,2,4,2,4,2,4,2,4,2,5,9,3,2,0,5
59,520,12,9,21,2,4,2,4,2,4,2,0,5,9,10,9,3,2,2
59,520,12,9,21,2,4,2,4,2,4,2,4,2,5,9,3,2,0,5
59,520,12,9,21,2,5,9,3,2,0,5,9,10,9,9,3,2,0,5
59,520,12,9,21,2,5,9,3,2,0,5,9,10,9,9,3,9,9,158
59,520,12,9,21,2,5,9,3,2,0,5,9,10,9,3,2,0,5,9
59,520,12,9,21,2,5,9,3,2,0,5,9,10,9,3,2,0,5,9
59,520,12,9,21,2,5,9,3,2,4,2,4,2,4,2,4,2,4,2
59,520,12,9,21,2,5,9,3,2,4,2,4,2,4,2,4,2,4,2
59,520,12,9,21,2,5,9,3,2,4,2,4,2,4,2,4,2,4,2
59,520,12,9,21,2,5,9,3,2,4,2,4,2,4,2,4,2,4,2
59,520,12,9,21,2,5,9,3,2,4,2,4,2,4,2,4,2,4,2
59,520,12,9,21,2,5,9,3,2,4,2,4,2,4,2,4,2,4,2
59,520,12,9,21,2,5,9,3,2,4,2,4,2,4,2,4,2,4,2
59,520,12,9,21,2,5,9,3,2,4,2,4,2,4,2,4,2,4,2
59,520,12,9,21,2,5,9,3,2,0,5,9,10,9,9,3,2,0,5
59,520,12,9,21,2,5,9,3,2,0,5,9,10,9,9,3,2,0,5
59,520,12,9,21,2,5,9,3,2,0,5,9,10,9,9,3,2,0,5
59,520,12,9,21,2,5,9,3,2,0,5,9,10,9,3,2,0,5,9
59,520,12,9,21,2,5,9,3,2,0,5,9,10,9,9,3,9,9,158
59,520,12,9,21,2,5,9,3,2,0,5,9,10,9,9,3,9,9,158
59,520,12,9,21,2,5,9,3,2,0,5,9,10,9,3,2,0,5,9
59,520,12,9,21,2,5,9,3,2,0,5,9,10,9,9,3,2,0,5
59,520,12,9,21,2,5,9,3,2,0,5,9,10,9,3,2,0,5,9
59,520,12,9,21,2,5,9,3,2,0,5,9,10,9,9,3,2,0,5
59,520,12,9,21,2,5,9,3,2,0,5,9,10,9,9,3,2,0,5
59,520,12,9,21,2,5,9,3,2,0,5,9,10,9,3,2,0,5,9
59,520,12,9,21,2,5,9,3,2,0,5,9,10,9,3,2,0,5,9
59,520,12,9,21,2,5,9,3,2,0,5,9,10,9,3,2,0,5,9
59,520,12,9,21,2,5,9,3,2,0,5,9,10,9,9,3,2,0,5
59,520,12,9,21,2,5,9,3,2,0,5,9,10,9,3,2,0,5,9
59,520,12,9,21,2,5,9,3,2,0,5,9,10,9,3,2,0,5,9
59,520,12,9,21,2,5,9,3,2,0,5,9,10,9,3,2,0,5,9
59,520,12,9,21,2,5,9,3,2,0,5,9,10,9,9,3,2,0,5
59,520,12,9,21,2,5,9,3,2,0,5,9,10,9,9,3,2,0,5
59,520,12,9,21,2,5,9,3,2,0,5,9,10,9,3,2,0,5,9
59,520,12,9,21,2,5,9,3,2,0,5,9,10,9,3,2,0,5,9
59,520,12,9,21,2,5,9,3,2,0,5,9,10,9,3,2,0,5,9
59,520,12,9,21,2,5,9,3,2,0,5,9,10,9,3,2,0,5,9
59,520,12,9,21,2,5,9,3,2,0,5,9,10,9,9,3,2,0,5
59,520,12,9,21,2,5,9,3,2,0,5,9,10,9,3,2,0,5,9
59,520,12,9,21,2,5,9,3,2,0,5,9,10,9,3,2,0,5,9
59,520,12,9,21,2,5,9,3,2,0,5,9,10,9,3,2,0,5,9
59,520,12,9,21,2,5,9,3,2,0,5,9,10,9,9,3,2,0,5
59,520,12,9,21,2,5,9,3,2,0,5,9,10,9,9,3,2,0,5
59,520,12,9,21,2,5,9,3,2,0,5,9,10,9,9,3,2,0,5
59,520,12,9,21,2,5,9,3,2,0,5,9,10,9,3,2,0,5,9
59,520,12,9,21,2,5,9,3,2,0,5,9,10,9,9,3,9,9,158
59,520,12,9,21,2,5,9,3,2,0,5,9,10,9,9,3,9,9,158
59,520,12,9,21,2,5,9,3,2,0,5,9,10,9,9,3,9,9,158
59,520,12,9,21,2,5,9,3,2,0,5,9,10,9,3,2,0,5,9
59,520,12,9,21,2,5,9,3,2,0,5,9,10,9,9,3,9,9,158
59,520,12,9,21,2,5,9,3,2,0,5,9,10,9,9,3,2,0,5
59,520,12,9,89,21,2,4,2,4,2,4,2,4,2,5,9,3,2,4
59,520,12,9,21,2,5,9,3,2,0,5,9,10,9,9,3,2,0,5
59,520,12,9,21,2,5,9,3,2,0,5,9,10,9,9,3,2,0,5
59,520,12,9,21,2,5,9,3,2,0,5,9,10,9,3,2,0,5,9
59,520,12,9,21,2,5,9,3,2,0,5,9,10,9,3,2,0,5,9
59,520,12,9,21,2,5,9,3,2,0,5,9,10,9,3,2,0,5,9
59,520,12,9,21,2,5,9,3,2,0,5,9,10,9,3,2,0,5,9
59,520,12,9,21,2,5,9,3,2,0,5,9,10,9,9,3,9,9,158
59,520,12,9,21,2,5,9,3,2,0,5,9,10,9,3,2,0,5,9
59,520,12,9,21,2,4,2,4,2,4,2,0,5,9,10,9,3,2,2
59,520,12,9,21,2,5,9,3,2,0,5,9,10,9,9,3,2,0,5
59,520,12,9,21,2,5,9,3,2,0,5,9,10,9,9,3,9,9,158
59,520,12,9,21,2,5,9,3,2,0,5,9,10,9,3,2,0,5,9
59,520,12,9,21,2,5,9,3,2,0,5,9,10,9,3,2,0,5,9
59,520,12,9,21,2,5,9,3,2,0,5,9,10,9,3,2,0,5,9
59,520,12,9,21,2,5,9,3,2,0,5,9,10,9,3,2,0,5,9
59,520,12,9,21,2,5,9,3,2,0,5,9,10,9,3,2,0,5,9
59,520,12,9,21,2,5,9,3,2,0,5,9,10,9,3,2,0,5,9
59,520,12,9,21,2,5,9,3,2,0,5,9,10,9,3,2,0,5,9
59,520,12,9,21,2,5,9,3,2,0,5,9,10,9,3,2,0,5,9
59,520,12,9,21,2,5,9,3,2,0,5,9,10,9,3,2,0,5,9
59,520,12,9,21,2,5,9,3,2,0,5,9,10,9,3,2,0,5,9
59,520,12,9,89,21,2,4,2,4,2,4,2,4,2,5,9,3,2,4
59,520,12,9,89,21,2,4,2,4,2,4,2,4,2,5,9,3,2,4
59,520,12,9,89,21,2,4,2,4,2,4,2,4,2,5,9,3,2,4
59,520,12,9,89,21,2,4,2,4,2,4,2,4,2,5,9,3,2,4
59,520,12,9,89,21,2,4,2,4,2,4,2,4,2,5,9,3,2,4
59,520,12,9,89,21,2,4,2,4,2,4,2,4,2,5,9,3,2,4
59,520,12,9,89,21,2,4,2,4,2,4,2,4,2,5,9,3,2,4
59,520,12,9,89,21,2,4,2,4,2,4,2,4,2,5,9,3,2,4
59,520,12,9,89,21,2,4,2,4,2,4,2,4,2,5,9,3,2,4
59,520,12,9,89,21,2,4,2,4,2,4,2,4,2,5,9,3,2,4
59,520,12,9,89,21,2,4,2,4,2,4,2,4,2,5,9,3,2,4
59,520,12,9,89,21,2,4,2,4,2,4,2,4,2,5,9,3,2,4
59,520,12,9,89,21,2,4,2,4,2,4,2,4,2,5,9,3,2,4
59,520,12,9,21,2,5,9,3,2,0,5,9,10,9,3,2,0,5,9
59,520,12,9,21,2,5,9,3,2,0,5,9,10,9,3,2,0,5,9
59,520,12,9,21,2,5,9,3,2,0,5,9,10,9,9,3,2,0,5
59,520,12,9,21,2,5,9,3,2,0,5,9,10,9,3,2,0,5,9
59,520,12,9,21,2,5,9,3,2,0,5,9,10,9,3,2,0,5,9
59,520,12,9,21,2,5,9,3,2,0,5,9,10,9,9,3,2,0,5
59,520,12,9,21,2,5,9,3,2,0,5,9,10,9,9,3,9,9,158
59,520,12,9,21,2,5,9,3,2,4,2,4,2,4,2,4,2,4,2
59,520,12,9,21,2,5,9,3,2,0,5,9,10,9,3,2,0,5,9
59,520,12,9,21,2,5,9,3,2,0,5,9,10,9,3,2,0,5,9
59,520,12,9,21,2,5,9,3,2,0,5,9,10,9,9,3,9,9,158
59,520,12,9,21,2,5,9,3,2,0,5,9,10,9,3,2,0,5,9
59,520,12,9,21,2,5,9,3,2,0,5,9,10,9,9,3,2,0,5
59,520,12,9,21,2,5,9,3,2,0,5,9,10,9,9,3,9,9,158
59,520,12,9,21,2,5,9,3,2,0,5,9,10,9,9,3,9,9,158
59,520,12,9,21,2,5,9,3,2,0,5,9,10,9,9,3,2,0,5
59,520,12,9,21,2,5,9,3,2,0,5,9,10,9,9,3,2,0,5
59,520,12,9,21,2,5,9,3,2,0,5,9,10,9,9,3,9,9,158
59,520,12,9,21,2,5,9,3,2,0,5,9,10,9,3,2,0,5,9
59,520,12,9,21,2,5,9,3,2,0,5,9,10,9,9,3,9,9,158
59,520,12,9,21,2,5,9,3,2,0,5,9,10,9,9,3,9,9,158
59,520,12,9,21,2,5,9,3,2,0,5,9,10,9,3,2,0,5,9
59,520,12,9,21,2,5,9,3,2,0,5,9,10,9,9,3,2,0,5
59,520,12,9,21,2,5,9,3,2,0,5,9,10,9,9,3,2,0,5
59,520,12,9,21,2,5,9,3,2,0,5,9,10,9,9,3,9,9,158
59,520,12,9,21,2,5,9,3,2,0,5,9,10,9,3,2,0,5,9
59,520,12,9,21,2,5,9,3,2,0,5,9,10,9,9,3,2,0,5
59,520,12,9,89,21,2,4,2,4,2,4,2,4,2,5,9,3,2,4
59,520,12,9,21,2,5,9,3,2,0,5,9,10,9,3,2,0,5,9
59,520,12,9,21,2,5,9,3,2,0,5,9,10,9,3,2,0,5,9
59,520,12,9,21,2,5,9,3,2,0,5,9,10,9,9,3,2,0,5
59,520,12,9,21,2,5,9,3,2,0,5,9,10,9,3,2,0,5,9
59,520,12,9,21,2,5,9,3,2,0,5,9,10,9,9,3,9,9,158
59,520,12,9,21,2,5,9,3,2,4,2,4,2,4,2,4,2,4,2
59,520,12,9,21,2,5,9,3,2,0,5,9,10,9,9,3,9,9,158
59,520,12,9,21,2,5,9,3,2,0,5,9,10,9,3,2,0,5,9
59,520,12,9,21,2,5,9,3,2,0,5,9,10,9,3,2,0,5,9
59,520,12,9,21,2,5,9,3,2,0,5,9,10,9,9,3,9,9,158
59,520,12,9,21,2,5,9,3,2,0,5,9,10,9,9,3,2,0,5
59,520,12,9,21,2,5,9,3,2,0,5,9,10,9,9,3,2,0,5
59,520,12,9,21,2,5,9,3,2,0,5,9,10,9,9,3,9,9,158
59,520,12,9,21,2,5,9,3,2,0,5,9,10,9,9,3,9,9,158
59,520,12,9,89,21,2,4,2,4,2,4,2,4,2,5,9,3,2,0
59,520,12,9,21,2,5,9,3,2,0,5,9,10,9,9,3,9,9,158
59,520,12,9,21,2,5,9,3,2,0,5,9,10,9,3,2,0,5,9
59,520,12,9,21,2,5,9,3,2,0,5,9,10,9,9,3,9,9,158
59,520,12,9,21,2,5,9,3,2,0,5,9,10,9,3,2,0,5,9
59,520,12,9,89,21,2,4,2,4,2,4,2,4,2,5,9,3,2,0
59,520,12,9,21,2,5,9,3,2,0,5,9,10,9,9,3,9,9,158
59,520,12,9,21,2,5,9,3,2,0,5,9,10,9,3,2,0,5,9
59,520,12,9,21,2,5,9,3,2,0,5,9,10,9,9,3,2,0,5
59,520,12,9,21,2,5,9,3,2,0,5,9,10,9,3,2,0,5,9
59,520,12,9,21,2,5,9,3,2,0,5,9,10,9,9,3,2,0,5
59,520,12,9,21,2,5,9,3,2,0,5,9,10,9,3,2,0,5,9
59,520,12,9,21,2,5,9,3,2,0,5,9,10,9,9,3,2,0,5
59,520,12,9,21,2,5,9,3,2,0,5,9,10,9,9,3,2,0,5
59,520,12,9,21,2,5,9,3,2,0,5,9,10,9,9,3,2,0,5
59,520,12,9,21,2,5,9,3,2,0,5,9,10,9,9,3,2,0,5
59,520,12,9,21,2,5,9,3,2,0,5,9,10,9,9,3,2,0,5
59,520,12,9,21,2,5,9,3,2,0,5,9,10,9,9,3,9,9,158
59,520,12,9,21,2,5,9,3,2,0,5,9,10,9,9,3,9,9,158
59,520,12,9,21,2,5,9,3,2,0,5,9,10,9,3,2,0,5,9
59,520,12,9,21,2,5,9,3,2,0,5,9,10,9,3,2,0,5,9
59,520,12,9,21,2,5,9,3,2,0,5,9,10,9,9,3,9,9,158
59,520,12,9,21,2,5,9,3,2,0,5,9,10,9,3,2,0,5,9
59,520,12,9,21,2,5,9,3,2,0,5,9,10,9,3,2,0,5,9
59,520,12,9,21,2,5,9,3,2,0,5,9,10,9,3,2,0,5,9
59,520,12,9,21,2,5,9,3,2,0,5,9,10,9,9,3,9,9,158
59,520,12,9,21,2,5,9,3,2,0,5,9,10,9,9,3,9,9,158
59,520,12,9,21,2,5,9,3,2,0,5,9,10,9,9,3,9,9,158
59,520,12,9,21,2,5,9,3,2,0,5,9,10,9,9,3,2,0,5
59,520,12,9,21,2,5,9,3,2,0,5,9,10,9,9,3,2,0,5
59,520,12,9,21,2,5,9,3,2,0,5,9,10,9,3,2,0,5,9
59,520,12,9,21,2,5,9,3,2,0,5,9,10,9,3,2,0,5,9
59,520,12,9,21,2,5,9,3,2,0,5,9,10,9,3,2,0,5,9
59,520,12,9,21,2,5,9,3,2,0,5,9,10,9,3,2,0,5,9
59,520,12,9,21,2,5,9,3,2,0,5,9,10,9,3,2,0,5,9
59,520,12,9,21,2,5,9,3,2,0,5,9,10,9,3,2,0,5,9
59,520,12,9,21,2,5,9,3,2,0,5,9,10,9,9,3,2,0,5
59,520,12,9,21,2,5,9,3,2,0,5,9,10,9,3,2,0,5,9
59,520,12,9,21,2,5,9,3,2,0,5,9,10,9,3,2,0,5,9
59,520,12,9,21,2,5,9,3,2,0,5,9,10,9,3,2,0,5,9
59,520,12,9,21,2,5,9,3,2,0,5,9,10,9,3,2,0,5,9
59,520,12,9,21,2,5,9,3,2,0,5,9,10,9,3,2,0,5,9
59,520,12,9,21,2,5,9,3,2,0,5,9,10,9,3,2,0,5,9
59,520,12,9,21,2,5,9,3,2,0,5,9,10,9,3,2,0,5,9
59,520,12,9,21,2,5,9,3,2,0,5,9,10,9,3,2,0,5,9
59,520,12,9,21,2,5,9,3,2,0,5,9,10,9,3,2,0,5,9
59,520,12,9,21,2,5,9,3,2,0,5,9,10,9,3,2,0,5,9
59,520,12,9,21,2,5,9,3,2,0,5,9,10,9,3,2,0,5,9
59,520,12,9,21,2,5,9,3,2,0,5,9,10,9,3,2,0,5,9
59,520,12,9,21,2,5,9,3,2,0,5,9,10,9,3,2,0,5,9
59,520,12,9,21,2,5,9,3,2,0,5,9,10,9,9,3,2,0,5
59,520,12,9,21,2,5,9,3,2,0,5,9,10,9,9,3,2,0,5
59,520,12,9,21,2,5,9,3,2,0,5,9,10,9,9,3,2,0,5
59,520,12,9,21,2,5,9,3,2,4,2,4,2,4,2,4,2,4,2
59,520,12,9,21,2,5,9,3,2,0,5,9,10,9,3,2,0,5,9
59,520,12,9,21,2,5,9,3,2,4,2,4,2,4,2,4,2,4,2
59,520,12,9,21,2,5,9,3,2,0,5,9,10,9,3,2,0,5,9
59,520,12,9,21,2,5,9,3,2,0,5,9,10,9,3,2,0,5,9
59,520,12,9,21,2,5,9,3,2,0,5,9,10,9,3,2,0,5,9
59,520,12,9,21,2,5,9,3,2,4,2,4,2,4,2,4,2,4,2
59,520,12,9,21,2,5,9,3,2,0,5,9,10,9,3,2,0,5,9
59,520,12,9,21,2,5,9,3,2,0,5,9,10,9,3,2,0,5,9
59,520,12,9,21,2,5,9,3,2,0,5,9,10,9,3,2,0,5,9
59,520,12,9,21,2,5,9,3,2,0,5,9,10,9,3,2,0,5,9
59,520,12,9,21,2,5,9,3,2,4,2,4,2,4,2,4,2,4,2
59,520,12,9,21,2,5,9,3,2,4,2,4,2,4,2,4,2,4,2
59,520,12,9,21,2,4,2,4,2,4,2,0,5,9,10,9,3,2,2
59,520,12,9,21,2,5,9,3,2,0,5,9,10,9,9,3,2,0,5
59,520,12,9,21,2,5,9,3,2,0,5,9,10,9,3,2,0,5,9
59,520,12,9,21,2,5,9,3,2,0,5,9,10,9,9,3,9,9,158
59,520,12,9,21,2,5,9,3,2,0,5,9,10,9,9,3,2,0,5
59,520,12,9,21,2,5,9,3,2,0,5,9,10,9,9,3,9,9,158
59,520,12,9,21,2,5,9,3,2,4,2,4,2,4,2,4,2,4,2
59,520,12,9,21,2,5,9,3,2,0,5,9,10,9,3,2,0,5,9
59,520,12,9,21,2,5,9,3,2,0,5,9,10,9,3,2,0,5,9
59,520,12,9,21,2,5,9,3,2,0,5,9,10,9,9,3,2,0,5
59,520,12,9,21,2,5,9,3,2,0,5,9,10,9,9,3,9,9,158
59,520,12,9,21,2,5,9,3,2,0,5,9,10,9,9,3,2,0,5
59,520,12,9,21,2,5,9,3,2,0,5,9,10,9,3,2,0,5,9
59,520,12,9,21,2,5,9,3,2,0,5,9,10,9,9,3,9,9,158
59,520,12,9,21,2,5,9,3,2,0,5,9,10,9,9,3,9,9,158
59,520,12,9,21,2,5,9,3,2,0,5,9,10,9,3,2,0,5,9
59,520,12,9,21,2,5,9,3,2,0,5,9,10,9,3,2,0,5,9
59,520,12,9,21,2,4,2,4,2,4,2,0,5,9,10,9,3,2,0
59,520,12,9,21,2,5,9,3,2,0,5,9,10,9,9,3,9,9,158
59,520,12,9,21,2,5,9,3,2,0,5,9,10,9,9,3,9,9,158
59,520,12,9,21,2,5,9,3,2,0,5,9,10,9,3,2,0,5,9
59,520,12,9,21,2,5,9,3,2,0,5,9,10,9,9,3,9,9,158
59,520,12,9,21,2,5,9,3,2,0,5,9,10,9,9,3,9,9,158
59,520,12,9,21,2,5,9,3,2,0,5,9,10,9,9,3,2,0,5
59,520,12,9,89,21,2,4,2,4,2,4,2,4,2,5,9,3,2,4
59,520,12,9,21,2,5,9,3,2,0,5,9,10,9,3,2,0,5,9
59,520,12,9,21,2,5,9,3,2,0,5,9,10,9,3,2,0,5,9
59,520,12,9,21,2,5,9,3,2,0,5,9,10,9,3,2,0,5,9
59,520,12,9,21,2,5,9,3,2,0,5,9,10,9,9,3,9,9,158
59,520,12,9,89,21,2,4,2,4,2,4,2,4,2,5,9,3,2,0
59,520,12,9,21,2,5,9,3,2,0,5,9,10,9,9,3,2,0,5
59,520,12,9,21,2,5,9,3,2,0,5,9,10,9,3,2,0,5,9
59,520,12,9,21,2,5,9,3,2,0,5,9,10,9,3,2,0,5,9
59,520,12,9,21,2,5,9,3,2,0,5,9,10,9,3,2,0,5,9
59,520,12,9,21,2,5,9,3,2,0,5,9,10,9,9,3,9,9,158
59,520,12,9,21,2,5,9,3,2,0,5,9,10,9,9,3,9,9,158
59,520,12,9,21,2,5,9,3,2,0,5,9,10,9,9,3,9,9,158
59,520,12,9,21,2,5,9,3,2,4,2,4,2,4,2,4,2,4,2
59,520,12,9,21,2,5,9,3,2,4,2,4,2,4,2,4,2,4,2
59,520,12,9,21,2,5,9,3,2,0,5,9,10,9,3,2,0,5,9
59,520,12,9,21,2,5,9,3,2,0,5,9,10,9,3,2,0,5,9
59,520,12,9,21,2,5,9,3,2,0,5,9,10,9,3,2,0,5,9
59,520,12,9,21,2,5,9,3,2,0,5,9,10,9,3,2,0,5,9
59,520,12,9,21,2,5,9,3,2,0,5,9,10,9,9,3,9,9,158
59,520,12,9,21,2,5,9,3,2,0,5,9,10,9,3,2,0,5,9
59,520,12,9,21,2,5,9,3,2,0,5,9,10,9,9,3,2,0,5
59,520,12,9,21,2,5,9,3,2,0,5,9,10,9,3,2,0,5,9
59,520,12,9,21,2,5,9,3,2,0,5,9,10,9,3,2,0,5,9
59,520,12,9,21,2,5,9,3,2,0,5,9,10,9,9,3,2,0,5
59,520,12,9,21,2,5,9,3,2,0,5,9,10,9,3,2,0,5,9
59,520,12,9,21,2,5,9,3,2,0,5,9,10,9,3,2,0,5,9
59,520,12,9,21,2,5,9,3,2,0,5,9,10,9,3,2,0,5,9
59,520,12,9,21,2,5,9,3,2,0,5,9,10,9,3,2,0,5,9
59,520,12,9,21,2,5,9,3,2,0,5,9,10,9,3,2,0,5,9
59,520,12,9,21,2,5,9,3,2,0,5,9,10,9,9,3,2,0,5
59,520,12,9,21,2,5,9,3,2,0,5,9,10,9,3,2,0,5,9
59,520,12,9,21,2,5,9,3,2,0,5,9,10,9,9,3,9,9,158
59,520,12,9,21,2,5,9,3,2,4,2,4,2,4,2,4,2,4,2
59,520,12,9,21,2,5,9,3,2,0,5,9,10,9,3,2,0,5,9
59,520,12,9,21,2,5,9,3,2,4,2,4,2,4,2,4,2,4,2
59,520,12,9,21,2,5,9,3,2,4,2,4,2,4,2,4,2,4,2
59,520,12,9,21,2,5,9,3,2,4,2,4,2,4,2,4,2,4,2
59,520,12,9,21,2,5,9,3,2,4,2,4,2,4,2,4,2,4,2
59,520,12,9,21,2,5,9,3,2,0,5,9,10,9,3,2,0,5,9
59,520,12,9,21,2,5,9,3,2,0,5,9,10,9,9,3,2,0,5
59,520,12,9,21,2,5,9,3,2,0,5,9,10,9,9,3,2,0,5
59,520,12,9,89,21,2,4,2,4,2,4,2,4,2,5,9,3,2,4
59,520,12,9,89,21,2,4,2,4,2,4,2,4,2,5,9,3,2,4
59,520,12,9,21,2,5,9,3,2,0,5,9,10,9,3,2,0,5,9
59,520,12,9,21,2,5,9,3,2,4,2,4,2,4,2,4,2,4,2
59,520,12,9,21,2,5,9,3,2,0,5,9,10,9,9,3,9,9,158
59,520,12,9,21,2,5,9,3,2,4,2,4,2,4,2,4,2,4,2
59,520,12,9,21,2,5,9,3,2,4,2,4,2,4,2,4,2,4,2
59,520,12,9,21,2,5,9,3,2,4,2,4,2,4,2,4,2,4,2
59,520,12,9,21,2,5,9,3,2,4,2,4,2,4,2,4,2,4,2
59,520,12,9,21,2,5,9,3,2,4,2,4,2,4,2,4,2,4,2
59,520,12,9,21,2,5,9,3,2,4,2,4,2,4,2,4,2,4,2
59,520,12,9,21,2,5,9,3,2,4,2,4,2,4,2,4,2,4,2
59,520,12,9,21,2,5,9,3,2,0,5,9,10,9,3,2,0,5,9
59,520,12,9,21,2,5,9,3,2,4,2,4,2,4,2,4,2,4,2
59,520,12,9,21,2,5,9,3,2,4,2,4,2,4,2,4,2,4,2
59,520,12,9,21,2,5,9,3,2,0,5,9,10,9,3,2,0,5,9
59,520,12,9,21,2,5,9,3,2,0,5,9,10,9,3,2,0,5,9
59,520,12,9,21,2,5,9,3,2,0,5,9,10,9,3,2,0,5,9
59,520,12,9,21,2,5,9,3,2,0,5,9,10,9,3,2,0,5,9
59,520,12,9,21,2,5,9,3,2,0,5,9,10,9,3,2,0,5,9
59,520,12,9,21,2,5,9,3,2,0,5,9,10,9,3,2,0,5,9
59,520,12,9,21,2,5,9,3,2,0,5,9,10,9,3,2,0,5,9
59,520,12,9,21,2,5,9,3,2,0,5,9,10,9,3,2,0,5,9
59,520,12,9,21,2,5,9,3,2,0,5,9,10,9,3,2,0,5,9
59,520,12,9,21,2,5,9,3,2,0,5,9,10,9,3,2,0,5,9
59,520,12,9,21,2,5,9,3,2,0,5,9,10,9,3,2,0,5,9
59,520,12,9,21,2,5,9,3,2,0,5,9,10,9,9,3,9,9,158
59,520,12,9,21,2,5,9,3,2,0,5,9,10,9,9,3,9,9,158
59,520,12,9,21,2,5,9,3,2,0,5,9,10,9,9,3,2,0,5
59,520,12,9,21,2,5,9,3,2,0,5,9,10,9,9,3,2,0,5
59,520,12,9,21,2,5,9,3,2,0,5,9,10,9,9,3,2,0,5
59,520,12,9,21,2,5,9,3,2,0,5,9,10,9,9,3,2,0,5
59,520,12,9,21,2,5,9,3,2,0,5,9,10,9,9,3,2,0,5
59,520,12,9,21,2,5,9,3,2,0,5,9,10,9,9,3,2,0,5
59,520,12,9,21,2,5,9,3,2,0,5,9,10,9,9,3,2,0,5
59,520,12,9,21,2,5,9,3,2,0,5,9,10,9,9,3,2,0,5
59,520,12,9,21,2,5,9,3,2,0,5,9,10,9,9,3,2,0,5
59,520,12,9,21,2,5,9,3,2,0,5,9,10,9,3,2,0,5,9
59,520,12,9,21,2,5,9,3,2,0,5,9,10,9,3,2,0,5,9
59,520,12,9,21,2,5,9,3,2,0,5,9,10,9,3,2,0,5,9
59,520,12,9,21,2,5,9,3,2,0,5,9,10,9,9,3,9,9,158
59,520,12,9,21,2,5,9,3,2,0,5,9,10,9,3,2,0,5,9
59,520,12,9,21,2,5,9,3,2,0,5,9,10,9,3,2,0,5,9
59,520,12,9,21,2,5,9,3,2,0,5,9,10,9,3,2,0,5,9
59,520,12,9,21,2,5,9,3,2,0,5,9,10,9,3,2,0,5,9
59,520,12,9,21,2,5,9,3,2,0,5,9,10,9,9,3,9,9,158
59,520,12,9,21,2,5,9,3,2,0,5,9,10,9,3,2,0,5,9
59,520,12,9,21,2,5,9,3,2,0,5,9,10,9,3,2,0,5,9
59,520,12,9,21,2,5,9,3,2,0,5,9,10,9,3,2,0,5,9
59,520,12,9,21,2,5,9,3,2,0,5,9,10,9,3,2,0,5,9
59,520,12,9,21,2,5,9,3,2,0,5,9,10,9,3,2,0,5,9
59,520,12,9,21,2,5,9,3,2,0,5,9,10,9,3,2,0,5,9
59,520,12,9,21,2,5,9,3,2,0,5,9,10,9,3,2,0,5,9
59,520,12,9,21,2,5,9,3,2,0,5,9,10,9,3,2,0,5,9
59,520,12,9,21,2,5,9,3,2,0,5,9,10,9,3,2,0,5,9
59,520,12,9,21,2,5,9,3,2,4,2,4,2,4,2,4,2,4,2
59,520,12,9,21,2,5,9,3,2,0,5,9,10,9,9,3,2,0,5
59,520,12,9,89,21,2,4,2,4,2,4,2,4,2,5,9,3,2,0
59,520,12,9,89,21,2,4,2,4,2,4,2,4,2,5,9,3,2,0
59,520,12,9,89,21,2,4,2,4,2,4,2,4,2,5,9,3,2,0
